id,sub-component,tmscores1
1X9F,sub-component_all/1X9F_0-0-2_2.pdb,0.1895
3R90,sub-component_all/3R90_0-0-0-0_2.pdb,0.1592
4RSU,sub-component_all/4RSU_1-1-1-1_2.pdb,0.1645
4RDQ,sub-component_all/4RDQ_0-0-1-1_3.pdb,0.1346
7CGE,sub-component_all/7CGE_0-0-0_0.pdb,0.2528
7CGE,sub-component_all/7CGE_2-2-3_1.pdb,0.078
7JJP,sub-component_all/7JJP_0-0-0-0_3.pdb,0.2713
6J0B,sub-component_all/6J0B_0-0-1-1_2.pdb,0.1247
6RO0,sub-component_all/6RO0_0-2-4_1.pdb,0.1843
1Q5Q,sub-component_all/1Q5Q_0-0-0-0_3.pdb,0.1632
6RO0,sub-component_all/6RO0_0-4-4_3.pdb,0.1493
6RO0,sub-component_all/6RO0_1-2-4_3.pdb,0.2252
3JVO,sub-component_all/3JVO_0-0-0-0_2.pdb,0.2222
3M0W,sub-component_all/3M0W_0-0-0-0_0.pdb,0.2053
5AA5,sub-component_all/5AA5_1-1-1-1_0.pdb,0.2402
6RO0,sub-component_all/6RO0_0-0-2_4.pdb,0.1817
7JZ2,sub-component_all/7JZ2_2-3-3_3.pdb,0.1197
2NV2,sub-component_all/2NV2_0-0-0-1_4.pdb,0.1801
1Z6O,sub-component_all/1Z6O_0-0-0-0_0.pdb,0.0842
6ZEE,sub-component_all/6ZEE_0-0-1-1_4.pdb,0.1975
1NLX,sub-component_all/1NLX_0-0-0-0_2.pdb,0.1426
1X9F,sub-component_all/1X9F_0-1-1_1.pdb,0.2457
6G94,sub-component_all/6G94_0-1-1-2_3.pdb,0.4234
1RBL,sub-component_all/1RBL_1-1-1-1_0.pdb,0.0483
7JZ2,sub-component_all/7JZ2_1-2-2_4.pdb,0.1564
4RSU,sub-component_all/4RSU_1-1-1-1_0.pdb,0.1784
6RKE,sub-component_all/6RKE_1-1-1-1_4.pdb,0.3247
5CW7,sub-component_all/5CW7_0-0-0-0_4.pdb,0.0929
6NHT,sub-component_all/6NHT_0-0-1-1_4.pdb,0.0915
7JZ2,sub-component_all/7JZ2_2-2-3_0.pdb,0.1198
1BCF,sub-component_all/1BCF_0-0-0-0_2.pdb,0.1672
2V5H,sub-component_all/2V5H_1-1-1-1_0.pdb,0.1372
6RO0,sub-component_all/6RO0_1-3-4_0.pdb,0.216
2VYR,sub-component_all/2VYR_0-0-0-0_4.pdb,0.1116
3M1A,sub-component_all/3M1A_0-0-0-0_3.pdb,0.2028
2WCV,sub-component_all/2WCV_0-0-0-0_4.pdb,0.404
5LK5,sub-component_all/5LK5_0-0-0-0_3.pdb,0.1627
7CGE,sub-component_all/7CGE_0-2-2_4.pdb,0.1483
7CGE,sub-component_all/7CGE_0-1-3_0.pdb,0.3004
6OSJ,sub-component_all/6OSJ_0-0-0-0_0.pdb,0.157
6X04,sub-component_all/6X04_0-0-0-1_2.pdb,0.2073
3HHW,sub-component_all/3HHW_0-0-0-0_1.pdb,0.0607
6E7D,sub-component_all/6E7D_1-1-1-1_0.pdb,0.0602
6W6M,sub-component_all/6W6M_0-0-0-0_2.pdb,0.2692
6Z1F,sub-component_all/6Z1F_0-2-2-2_1.pdb,0.0617
6ESQ,sub-component_all/6ESQ_1-2-2-2_4.pdb,0.3368
5F2Q,sub-component_all/5F2Q_0-0-0-0_2.pdb,0.3961
5JQL,sub-component_all/5JQL_0-0-0-0_0.pdb,0.1443
3M0W,sub-component_all/3M0W_0-0-0-0_4.pdb,0.2045
1PCQ,sub-component_all/1PCQ_0-0-0-0_4.pdb,0.1866
6RO0,sub-component_all/6RO0_0-0-3_4.pdb,0.1701
6NHT,sub-component_all/6NHT_0-0-1-1_0.pdb,0.0892
2V5H,sub-component_all/2V5H_0-0-1-1_0.pdb,0.2382
6J0B,sub-component_all/6J0B_0-1-1-1_3.pdb,0.0733
1X9F,sub-component_all/1X9F_1-2-3_2.pdb,0.1938
6LQH,sub-component_all/6LQH_1-1-1-1_2.pdb,0.0753
1RBL,sub-component_all/1RBL_0-0-0-1_4.pdb,0.3211
6G94,sub-component_all/6G94_1-1-2-2_0.pdb,0.3176
2VYR,sub-component_all/2VYR_0-0-0-1_2.pdb,0.1219
1IWA,sub-component_all/1IWA_1-1-1-1_4.pdb,0.1129
6RO0,sub-component_all/6RO0_0-3-3_2.pdb,0.1869
7JZ2,sub-component_all/7JZ2_0-2-2_0.pdb,0.2337
7JZ2,sub-component_all/7JZ2_0-0-0_3.pdb,0.2006
2YMD,sub-component_all/2YMD_0-0-0-0_3.pdb,0.3947
6G94,sub-component_all/6G94_1-1-1-1_2.pdb,0.3417
3HHW,sub-component_all/3HHW_0-0-1-1_0.pdb,0.3909
7CGE,sub-component_all/7CGE_1-2-3_4.pdb,0.1944
7CGE,sub-component_all/7CGE_1-3-3_4.pdb,0.1513
6RO0,sub-component_all/6RO0_0-3-4_1.pdb,0.2294
1X9F,sub-component_all/1X9F_1-2-3_0.pdb,0.2341
3LAY,sub-component_all/3LAY_0-0-0-0_4.pdb,0.399
7NRQ,sub-component_all/7NRQ_0-0-0-0_2.pdb,0.1003
6NHT,sub-component_all/6NHT_0-1-1-1_2.pdb,0.1125
7JJP,sub-component_all/7JJP_0-0-0-0_4.pdb,0.3316
6G94,sub-component_all/6G94_0-0-0-2_4.pdb,0.1476
3KIF,sub-component_all/3KIF_0-0-0-0_3.pdb,0.2179
6X04,sub-component_all/6X04_1-1-1-1_4.pdb,0.063
4BHU,sub-component_all/4BHU_1-1-1-1_1.pdb,0.2507
6RO0,sub-component_all/6RO0_0-1-2_0.pdb,0.2203
6MRT,sub-component_all/6MRT_0-0-0-0_3.pdb,0.1307
7JZ2,sub-component_all/7JZ2_0-0-3_1.pdb,0.188
2NV2,sub-component_all/2NV2_0-1-1-1_3.pdb,0.1269
3R90,sub-component_all/3R90_0-0-0-0_4.pdb,0.1386
6YBQ,sub-component_all/6YBQ_1-1-1-1_1.pdb,0.1328
2WYR,sub-component_all/2WYR_0-0-0-0_4.pdb,0.1946
7CGE,sub-component_all/7CGE_0-2-2_0.pdb,0.1417
6ESQ,sub-component_all/6ESQ_0-0-0-2_1.pdb,0.436
1GH0,sub-component_all/1GH0_0-0-1_4.pdb,0.2463
7NRQ,sub-component_all/7NRQ_0-0-0-0_4.pdb,0.0937
5JQL,sub-component_all/5JQL_0-0-0-0_2.pdb,0.1413
6ZEE,sub-component_all/6ZEE_0-0-0-1_2.pdb,0.2003
6YBQ,sub-component_all/6YBQ_1-1-1-1_4.pdb,0.125
3ONR,sub-component_all/3ONR_0-0-0-0_0.pdb,0.2663
1TYF,sub-component_all/1TYF_0-0-0-0_0.pdb,0.2838
6RO0,sub-component_all/6RO0_0-2-4_0.pdb,0.2096
6SSI,sub-component_all/6SSI_0-0-1-1_3.pdb,0.2725
5AA5,sub-component_all/5AA5_0-0-0-1_4.pdb,0.236
6Z1F,sub-component_all/6Z1F_0-1-1-1_4.pdb,0.2453
7CGE,sub-component_all/7CGE_2-2-2_3.pdb,0.0754
6NHT,sub-component_all/6NHT_0-0-0-0_1.pdb,0.0891
6RO0,sub-component_all/6RO0_0-0-1_0.pdb,0.1625
1X9F,sub-component_all/1X9F_2-2-3_4.pdb,0.2069
2BX9,sub-component_all/2BX9_0-0-0-0_2.pdb,0.1288
6G94,sub-component_all/6G94_0-0-0-1_0.pdb,0.32
6G94,sub-component_all/6G94_0-0-1-2_4.pdb,0.3485
6RO0,sub-component_all/6RO0_1-1-2_1.pdb,0.1573
6W6M,sub-component_all/6W6M_0-0-0-0_1.pdb,0.2801
1Z6O,sub-component_all/1Z6O_0-0-1-1_2.pdb,0.1659
5K2M,sub-component_all/5K2M_0-0-0_0.pdb,0.3449
6S5L,sub-component_all/6S5L_0-0-0-0_4.pdb,0.1793
6NHT,sub-component_all/6NHT_0-1-1-1_4.pdb,0.1116
6NHT,sub-component_all/6NHT_0-1-1-1_3.pdb,0.1134
6YBQ,sub-component_all/6YBQ_0-1-1-1_0.pdb,0.2596
6PYT,sub-component_all/6PYT_0-0-0-1_1.pdb,0.123
6SQR,sub-component_all/6SQR_113.pdb,0.2041
1AVO,sub-component_all/1AVO_0-1-1-1_4.pdb,0.3415
7JZ2,sub-component_all/7JZ2_0-0-2_0.pdb,0.1861
2VYR,sub-component_all/2VYR_1-1-1-1_1.pdb,0.1745
2DD4,sub-component_all/2DD4_0-0-0-2_4.pdb,0.1993
2V5H,sub-component_all/2V5H_0-0-1-1_4.pdb,0.2403
6RO0,sub-component_all/6RO0_4-4-4_4.pdb,0.1173
4BHU,sub-component_all/4BHU_0-0-0-0_1.pdb,0.1761
6X04,sub-component_all/6X04_0-1-1-1_0.pdb,0.1702
6GRJ,sub-component_all/6GRJ_0-0-0-0_0.pdb,0.1707
6G94,sub-component_all/6G94_0-1-1-1_0.pdb,0.3217
1YKK,sub-component_all/1YKK_0-0-1-1_3.pdb,0.3329
5NFR,sub-component_all/5NFR_0-0-0-0_0.pdb,0.249
4RDQ,sub-component_all/4RDQ_0-1-1-1_2.pdb,0.1629
6RO0,sub-component_all/6RO0_0-3-4_2.pdb,0.2304
6SQR,sub-component_all/6SQR_122.pdb,0.2054
7JZ2,sub-component_all/7JZ2_0-0-0_2.pdb,0.2077
1DW9,sub-component_all/1DW9_0-0-0-0_0.pdb,0.3997
6S5L,sub-component_all/6S5L_0-0-0-0_2.pdb,0.1381
5AA5,sub-component_all/5AA5_0-0-0-1_0.pdb,0.2487
7NRQ,sub-component_all/7NRQ_0-0-0-0_3.pdb,0.1186
6RO0,sub-component_all/6RO0_2-2-2_1.pdb,0.157
4BHU,sub-component_all/4BHU_0-1-1-1_4.pdb,0.1914
1S3Q,sub-component_all/1S3Q_0-0-0-0_3.pdb,0.3045
6Z1F,sub-component_all/6Z1F_0-0-1-2_3.pdb,0.0988
2G9T,sub-component_all/2G9T_0-0-0-0_2.pdb,0.1849
2VYR,sub-component_all/2VYR_0-0-1-1_4.pdb,0.1657
1Z6O,sub-component_all/1Z6O_1-1-1-1_2.pdb,0.081
6NHT,sub-component_all/6NHT_0-1-1-1_0.pdb,0.1151
6LQH,sub-component_all/6LQH_0-1-1-1_3.pdb,0.141
5N5E,sub-component_all/5N5E_0-0-0-0_0.pdb,0.3972
4JPN,sub-component_all/4JPN_0-0-0-0_2.pdb,0.1687
1Q95,sub-component_all/1Q95_0-0-0-0_2.pdb,0.3469
7JZ2,sub-component_all/7JZ2_1-1-2_4.pdb,0.1433
1AVO,sub-component_all/1AVO_1-1-1-1_2.pdb,0.3984
6OFG,sub-component_all/6OFG_0-0-0-0_1.pdb,0.1255
6MST,sub-component_all/6MST_0-0-0-0_2.pdb,0.109
6NHT,sub-component_all/6NHT_0-1-1-1_1.pdb,0.1163
4BHU,sub-component_all/4BHU_0-0-0-0_3.pdb,0.2299
2WYR,sub-component_all/2WYR_0-0-0-0_3.pdb,0.1917
6LNI,sub-component_all/6LNI_0-0-0-0_0.pdb,0.1272
4BHU,sub-component_all/4BHU_0-1-1-1_3.pdb,0.2014
6OVH,sub-component_all/6OVH_0-0-0-0_2.pdb,0.1408
5LK5,sub-component_all/5LK5_0-0-0-0_4.pdb,0.168
6ZEE,sub-component_all/6ZEE_0-0-0-0_4.pdb,0.1757
6Z1F,sub-component_all/6Z1F_0-1-1-1_1.pdb,0.2294
1YKK,sub-component_all/1YKK_0-0-0-0_4.pdb,0.1191
6Z1F,sub-component_all/6Z1F_0-1-1-2_2.pdb,0.2013
6Z1F,sub-component_all/6Z1F_0-1-2-2_3.pdb,0.1262
1M3U,sub-component_all/1M3U_0-0-0-0_0.pdb,0.4051
6RO0,sub-component_all/6RO0_1-1-2_2.pdb,0.1474
1BCF,sub-component_all/1BCF_0-0-0-0_3.pdb,0.1666
6RO0,sub-component_all/6RO0_2-2-2_3.pdb,0.1504
4BHU,sub-component_all/4BHU_0-0-1-1_0.pdb,0.2095
6RO0,sub-component_all/6RO0_0-0-2_1.pdb,0.2401
2VYC,sub-component_all/2VYC_0-0-0-0_3.pdb,0.401
4RSU,sub-component_all/4RSU_0-1-1-1_3.pdb,0.2789
6OFG,sub-component_all/6OFG_0-0-0-0_2.pdb,0.1077
6SQR,sub-component_all/6SQR_014.pdb,0.2346
2V7Q,sub-component_all/2V7Q_014.pdb,0.2834
6J0B,sub-component_all/6J0B_0-1-1-1_2.pdb,0.0771
2V5H,sub-component_all/2V5H_1-1-1-1_4.pdb,0.1109
6RO0,sub-component_all/6RO0_4-4-4_3.pdb,0.108
6RD7,sub-component_all/6RD7_0-0-0-0_3.pdb,0.1177
6SQR,sub-component_all/6SQR_222.pdb,0.1047
1DPS,sub-component_all/1DPS_0-0-0-0_3.pdb,0.2014
6ESQ,sub-component_all/6ESQ_1-1-1-1_2.pdb,0.0923
1DW9,sub-component_all/1DW9_0-0-0-0_3.pdb,0.3043
6NHT,sub-component_all/6NHT_0-0-0-1_2.pdb,0.0776
2V7Q,sub-component_all/2V7Q_000.pdb,0.342
2NV2,sub-component_all/2NV2_0-0-1-1_0.pdb,0.1669
2EWC,sub-component_all/2EWC_0-0-0-0_3.pdb,0.2135
2DD4,sub-component_all/2DD4_0-0-0-0_0.pdb,0.1049
6RO0,sub-component_all/6RO0_2-2-2_0.pdb,0.1479
6RO0,sub-component_all/6RO0_0-1-3_1.pdb,0.16
2VYR,sub-component_all/2VYR_0-1-1-1_4.pdb,0.2113
7CGE,sub-component_all/7CGE_2-2-2_1.pdb,0.0648
7CGE,sub-component_all/7CGE_0-2-2_1.pdb,0.1626
2V7Q,sub-component_all/2V7Q_002.pdb,0.2904
6RO0,sub-component_all/6RO0_2-3-3_3.pdb,0.2226
2DD4,sub-component_all/2DD4_0-0-0-2_0.pdb,0.2018
7AJP,sub-component_all/7AJP_0-0-0-0_3.pdb,0.2307
5JQL,sub-component_all/5JQL_1-1-1-1_4.pdb,0.0553
1TYF,sub-component_all/1TYF_0-0-0-0_1.pdb,0.2834
1Z6O,sub-component_all/1Z6O_1-1-1-1_0.pdb,0.0782
2NV2,sub-component_all/2NV2_1-1-1-1_2.pdb,0.0646
1M5Q,sub-component_all/1M5Q_0-0-0-0_1.pdb,0.2621
6ZEE,sub-component_all/6ZEE_0-1-1-1_2.pdb,0.1752
2DD4,sub-component_all/2DD4_2-2-2-2_0.pdb,0.2412
2DD4,sub-component_all/2DD4_0-0-1-2_0.pdb,0.2992
3U6X,sub-component_all/3U6X_1-1-1-1_0.pdb,0.1702
3ZIA,sub-component_all/3ZIA_001.pdb,0.4204
6RO0,sub-component_all/6RO0_1-2-3_4.pdb,0.2684
1PCQ,sub-component_all/1PCQ_0-1-1-1_3.pdb,0.0733
1Q95,sub-component_all/1Q95_0-0-1-1_1.pdb,0.3241
5JQL,sub-component_all/5JQL_0-1-1-1_0.pdb,0.151
6RO0,sub-component_all/6RO0_3-3-3_0.pdb,0.1119
1NLX,sub-component_all/1NLX_0-0-0-0_4.pdb,0.1258
6RO0,sub-component_all/6RO0_0-0-1_3.pdb,0.1777
2NV2,sub-component_all/2NV2_0-1-1-1_1.pdb,0.1324
6ESQ,sub-component_all/6ESQ_0-0-0-1_1.pdb,0.2955
6RO0,sub-component_all/6RO0_0-3-4_3.pdb,0.209
6WBN,sub-component_all/6WBN_0-0-0-0_1.pdb,0.2823
3N99,sub-component_all/3N99_0-0-0-0_0.pdb,0.393
6ESQ,sub-component_all/6ESQ_0-0-0-1_4.pdb,0.2904
7JZ2,sub-component_all/7JZ2_1-1-3_4.pdb,0.1271
6ESQ,sub-component_all/6ESQ_0-1-2-2_2.pdb,0.3493
6YBQ,sub-component_all/6YBQ_0-0-1-1_4.pdb,0.3325
6G94,sub-component_all/6G94_0-0-0-1_1.pdb,0.3178
1IWA,sub-component_all/1IWA_0-0-1-1_3.pdb,0.2497
3TXQ,sub-component_all/3TXQ_0-0-0-0_4.pdb,0.3596
1PCQ,sub-component_all/1PCQ_0-0-1-1_1.pdb,0.1356
5JQL,sub-component_all/5JQL_0-1-1-1_2.pdb,0.1719
7CGE,sub-component_all/7CGE_1-2-3_1.pdb,0.1901
1MFR,sub-component_all/1MFR_0-0-0-0_3.pdb,0.1665
2DD4,sub-component_all/2DD4_0-1-2-2_4.pdb,0.3506
1Z6O,sub-component_all/1Z6O_0-0-0-0_2.pdb,0.0701
5K2M,sub-component_all/5K2M_1-1-1_3.pdb,0.0285
6Z1F,sub-component_all/6Z1F_0-2-2-2_0.pdb,0.0558
4JPN,sub-component_all/4JPN_0-0-0-0_4.pdb,0.149
7CGE,sub-component_all/7CGE_1-1-3_1.pdb,0.2697
5B04,sub-component_all/5B04_023.pdb,0.2795
6RO0,sub-component_all/6RO0_1-3-3_2.pdb,0.2225
1VDM,sub-component_all/1VDM_0-0-0-0_2.pdb,0.2593
6FWH,sub-component_all/6FWH_0-0-0-0_3.pdb,0.3303
2V5H,sub-component_all/2V5H_0-0-0-1_2.pdb,0.3727
6G94,sub-component_all/6G94_0-1-1-1_4.pdb,0.4006
7JZ2,sub-component_all/7JZ2_0-2-3_1.pdb,0.2111
3KIF,sub-component_all/3KIF_0-0-0-0_4.pdb,0.2185
6RO0,sub-component_all/6RO0_2-3-4_3.pdb,0.2084
1GH0,sub-component_all/1GH0_1-1-1_3.pdb,0.1141
7JZ2,sub-component_all/7JZ2_0-3-3_3.pdb,0.1981
1JYM,sub-component_all/1JYM_0-0-0-0_4.pdb,0.1667
6MST,sub-component_all/6MST_0-0-0-0_4.pdb,0.1002
1BHC,sub-component_all/1BHC_0-0-0-0_0.pdb,0.173
5B04,sub-component_all/5B04_004.pdb,0.2872
5B04,sub-component_all/5B04_014.pdb,0.2912
7JZ2,sub-component_all/7JZ2_0-0-2_3.pdb,0.2073
5CW7,sub-component_all/5CW7_1-1-1-1_0.pdb,0.1744
1Q5Q,sub-component_all/1Q5Q_1-1-1-1_3.pdb,0.1496
6Z1F,sub-component_all/6Z1F_0-0-0-0_1.pdb,0.17
6SQR,sub-component_all/6SQR_000.pdb,0.1307
1X9F,sub-component_all/1X9F_3-3-3_4.pdb,0.1368
6RO0,sub-component_all/6RO0_0-0-4_3.pdb,0.1617
3LAY,sub-component_all/3LAY_0-0-0-0_3.pdb,0.3946
6OSJ,sub-component_all/6OSJ_0-0-0-0_1.pdb,0.1572
7JZ2,sub-component_all/7JZ2_1-1-2_0.pdb,0.1318
5ODC,sub-component_all/5ODC_000.pdb,0.323
4RDQ,sub-component_all/4RDQ_0-0-1-1_0.pdb,0.1884
6J0B,sub-component_all/6J0B_0-0-0-1_0.pdb,0.1216
5B04,sub-component_all/5B04_002.pdb,0.194
6Z1F,sub-component_all/6Z1F_0-0-1-1_3.pdb,0.1601
3U6X,sub-component_all/3U6X_0-0-0-0_0.pdb,0.2614
2NV2,sub-component_all/2NV2_0-0-0-1_1.pdb,0.1803
2DD4,sub-component_all/2DD4_0-1-1-1_3.pdb,0.2723
1Z6O,sub-component_all/1Z6O_0-0-1-1_4.pdb,0.1653
1X9F,sub-component_all/1X9F_0-0-0_0.pdb,0.1417
7CGE,sub-component_all/7CGE_1-3-3_1.pdb,0.149
6LQH,sub-component_all/6LQH_1-1-1-1_1.pdb,0.0961
3HHW,sub-component_all/3HHW_1-1-1-1_2.pdb,0.6656
7JKC,sub-component_all/7JKC_0-0-0-0_2.pdb,0.2715
6RO0,sub-component_all/6RO0_0-1-1_0.pdb,0.1913
3M1A,sub-component_all/3M1A_0-0-0-0_1.pdb,0.2257
7CGE,sub-component_all/7CGE_3-3-3_3.pdb,0.1823
6X04,sub-component_all/6X04_0-0-1-1_0.pdb,0.2134
6OSJ,sub-component_all/6OSJ_0-0-0-0_2.pdb,0.1626
3M0W,sub-component_all/3M0W_0-0-0-0_2.pdb,0.2126
1X9F,sub-component_all/1X9F_1-1-1_1.pdb,0.1956
1GH0,sub-component_all/1GH0_1-1-1_1.pdb,0.1134
6RKE,sub-component_all/6RKE_0-0-0-1_0.pdb,0.3303
6Z16,sub-component_all/6Z16_002.pdb,0.2265
3U6X,sub-component_all/3U6X_1-1-1-1_4.pdb,0.1335
1X9F,sub-component_all/1X9F_0-0-3_3.pdb,0.166
6Z1F,sub-component_all/6Z1F_0-0-0-2_3.pdb,0.131
1X9F,sub-component_all/1X9F_3-3-3_1.pdb,0.2378
4RDQ,sub-component_all/4RDQ_0-0-1-1_2.pdb,0.191
6LNI,sub-component_all/6LNI_0-0-0-0_1.pdb,0.1548
5B04,sub-component_all/5B04_011.pdb,0.2639
6E7D,sub-component_all/6E7D_0-0-0-0_2.pdb,0.1274
1PCQ,sub-component_all/1PCQ_0-1-1-1_4.pdb,0.0695
2VYR,sub-component_all/2VYR_0-0-1-1_1.pdb,0.1309
6ZEE,sub-component_all/6ZEE_1-1-1-1_4.pdb,0.0525
3HHW,sub-component_all/3HHW_0-0-0-0_2.pdb,0.0504
6ZEE,sub-component_all/6ZEE_0-0-0-1_1.pdb,0.1981
6SQR,sub-component_all/6SQR_002.pdb,0.1192
6RO0,sub-component_all/6RO0_0-1-2_2.pdb,0.1671
7CGE,sub-component_all/7CGE_2-3-3_2.pdb,0.1398
2C41,sub-component_all/2C41_0-0-0-0_1.pdb,0.1945
6LQH,sub-component_all/6LQH_0-1-1-1_0.pdb,0.1413
7CGE,sub-component_all/7CGE_0-1-2_4.pdb,0.2887
2DD4,sub-component_all/2DD4_0-2-2-2_1.pdb,0.3522
1Z6O,sub-component_all/1Z6O_0-0-0-0_3.pdb,0.0784
1X9F,sub-component_all/1X9F_0-0-2_4.pdb,0.1991
6ZEE,sub-component_all/6ZEE_1-1-1-1_0.pdb,0.0516
6RO0,sub-component_all/6RO0_2-3-3_4.pdb,0.2225
6G94,sub-component_all/6G94_0-0-0-2_0.pdb,0.2194
5CW7,sub-component_all/5CW7_0-0-0-1_3.pdb,0.1842
1PCQ,sub-component_all/1PCQ_0-1-1-1_2.pdb,0.0716
2DD4,sub-component_all/2DD4_1-2-2-2_4.pdb,0.3184
1RBL,sub-component_all/1RBL_0-1-1-1_4.pdb,0.1636
7JZ2,sub-component_all/7JZ2_1-1-1_0.pdb,0.1063
6ZEE,sub-component_all/6ZEE_0-0-0-0_2.pdb,0.2056
6ESQ,sub-component_all/6ESQ_1-1-1-1_0.pdb,0.0891
2V7Q,sub-component_all/2V7Q_001.pdb,0.4279
1VF7,sub-component_all/1VF7_0-0-0-0_0.pdb,0.2738
6E7D,sub-component_all/6E7D_0-1-1-1_2.pdb,0.1054
5CW7,sub-component_all/5CW7_1-1-1-1_3.pdb,0.1789
1Q5Q,sub-component_all/1Q5Q_0-1-1-1_0.pdb,0.2144
5ODC,sub-component_all/5ODC_005.pdb,0.3257
1X9F,sub-component_all/1X9F_0-3-3_1.pdb,0.1745
6NHT,sub-component_all/6NHT_0-0-0-0_0.pdb,0.0877
5JQL,sub-component_all/5JQL_0-0-0-1_2.pdb,0.291
1X9F,sub-component_all/1X9F_0-0-3_0.pdb,0.1817
6OFG,sub-component_all/6OFG_0-0-0-0_0.pdb,0.101
5JQL,sub-component_all/5JQL_0-0-0-1_3.pdb,0.2284
7CGE,sub-component_all/7CGE_0-0-0_4.pdb,0.1701
6G94,sub-component_all/6G94_0-0-0-1_2.pdb,0.3214
6GRJ,sub-component_all/6GRJ_0-0-0-0_2.pdb,0.1178
5AA5,sub-component_all/5AA5_1-1-1-1_2.pdb,0.233
4F4S,sub-component_all/4F4S_0-0-0-0_4.pdb,0.7981
5JQL,sub-component_all/5JQL_0-0-0-1_1.pdb,0.2324
6RO0,sub-component_all/6RO0_0-1-3_2.pdb,0.2152
1TR0,sub-component_all/1TR0_0-0-0-0_2.pdb,0.315
6X04,sub-component_all/6X04_0-0-0-0_3.pdb,0.2107
2BX9,sub-component_all/2BX9_0-0-0-0_1.pdb,0.2535
2VYR,sub-component_all/2VYR_0-0-1-1_3.pdb,0.1341
6J0B,sub-component_all/6J0B_0-0-0-0_0.pdb,0.1135
4BHU,sub-component_all/4BHU_0-0-1-1_4.pdb,0.1925
6RO0,sub-component_all/6RO0_1-3-4_4.pdb,0.2164
6J0B,sub-component_all/6J0B_0-0-1-1_3.pdb,0.1203
2A3W,sub-component_all/2A3W_0-0-0-0_2.pdb,0.3562
6ZEE,sub-component_all/6ZEE_0-0-0-1_0.pdb,0.2026
3VG8,sub-component_all/3VG8_0-0-0-0_2.pdb,0.2041
2V18,sub-component_all/2V18_0-0-0-0_1.pdb,0.2881
6SQR,sub-component_all/6SQR_112.pdb,0.1673
6RO0,sub-component_all/6RO0_1-1-2_3.pdb,0.1716
6N3P,sub-component_all/6N3P_1-1-1-1_0.pdb,0.108
6RO0,sub-component_all/6RO0_1-4-4_2.pdb,0.2057
3KIF,sub-component_all/3KIF_0-0-0-0_2.pdb,0.255
7JQZ,sub-component_all/7JQZ_0-0-0-0_0.pdb,0.3991
7CGE,sub-component_all/7CGE_3-3-3_1.pdb,0.1802
6UWR,sub-component_all/6UWR_0-0-0-0_1.pdb,0.2549
1PCQ,sub-component_all/1PCQ_0-0-1-1_0.pdb,0.1356
2VYR,sub-component_all/2VYR_1-1-1-1_4.pdb,0.1719
1GH0,sub-component_all/1GH0_1-1-1_0.pdb,0.125
5AA5,sub-component_all/5AA5_1-1-1-1_4.pdb,0.2225
6LQH,sub-component_all/6LQH_0-0-1-1_0.pdb,0.2213
6RO0,sub-component_all/6RO0_1-1-2_0.pdb,0.162
1X9F,sub-component_all/1X9F_2-2-3_2.pdb,0.1919
3R90,sub-component_all/3R90_0-0-0-0_3.pdb,0.1474
7JJP,sub-component_all/7JJP_0-0-0-0_0.pdb,0.3324
1L6W,sub-component_all/1L6W_0-0-0-0_0.pdb,0.398
6RO0,sub-component_all/6RO0_1-4-4_3.pdb,0.1987
6SQR,sub-component_all/6SQR_022.pdb,0.1175
6N3P,sub-component_all/6N3P_0-0-0-0_3.pdb,0.4399
6E7D,sub-component_all/6E7D_0-0-0-1_2.pdb,0.1336
1X9F,sub-component_all/1X9F_1-2-3_3.pdb,0.178
6NHT,sub-component_all/6NHT_0-0-0-1_3.pdb,0.0812
3VG8,sub-component_all/3VG8_0-0-0-0_1.pdb,0.1909
6ESQ,sub-component_all/6ESQ_0-0-2-2_4.pdb,0.2752
1HKX,sub-component_all/1HKX_0-0-0-0_0.pdb,0.2833
7CGE,sub-component_all/7CGE_2-2-3_3.pdb,0.0783
2V5H,sub-component_all/2V5H_1-1-1-1_3.pdb,0.1127
6SQR,sub-component_all/6SQR_045.pdb,0.1347
6J0B,sub-component_all/6J0B_0-0-1-1_0.pdb,0.1182
7CGE,sub-component_all/7CGE_0-0-2_2.pdb,0.2562
1QAW,sub-component_all/1QAW_0-0-0-0_4.pdb,0.3662
6SQR,sub-component_all/6SQR_015.pdb,0.2474
5JQL,sub-component_all/5JQL_1-1-1-1_3.pdb,0.0685
7CGE,sub-component_all/7CGE_0-3-3_1.pdb,0.1919
1X9F,sub-component_all/1X9F_1-1-1_0.pdb,0.1571
6S5L,sub-component_all/6S5L_0-0-0-0_3.pdb,0.2009
3U6X,sub-component_all/3U6X_1-1-1-1_1.pdb,0.138
7JZ2,sub-component_all/7JZ2_0-0-1_3.pdb,0.2684
5CW7,sub-component_all/5CW7_0-0-1-1_0.pdb,0.2473
5AA5,sub-component_all/5AA5_0-0-0-1_3.pdb,0.2343
7JZ2,sub-component_all/7JZ2_0-3-3_2.pdb,0.1959
7CGE,sub-component_all/7CGE_2-2-2_4.pdb,0.0734
6Z1F,sub-component_all/6Z1F_0-0-0-2_0.pdb,0.1356
1TR0,sub-component_all/1TR0_0-0-0-0_4.pdb,0.1812
4EJ0,sub-component_all/4EJ0_0-0-0-0_0.pdb,0.3972
2DD4,sub-component_all/2DD4_0-0-0-1_2.pdb,0.1934
7CGE,sub-component_all/7CGE_0-2-3_3.pdb,0.1698
4RSU,sub-component_all/4RSU_0-0-0-0_0.pdb,0.3117
6G94,sub-component_all/6G94_1-1-2-2_1.pdb,0.3296
6RO0,sub-component_all/6RO0_2-4-4_3.pdb,0.196
3ZIA,sub-component_all/3ZIA_004.pdb,0.1641
4BHU,sub-component_all/4BHU_0-0-1-1_2.pdb,0.1906
7CGE,sub-component_all/7CGE_3-3-3_4.pdb,0.1788
7CGE,sub-component_all/7CGE_0-0-2_4.pdb,0.2544
1X9F,sub-component_all/1X9F_2-2-2_0.pdb,0.1698
6GRJ,sub-component_all/6GRJ_0-0-0-0_1.pdb,0.163
6NHT,sub-component_all/6NHT_0-0-0-1_0.pdb,0.0738
2X2V,sub-component_all/2X2V_0-0-0-0_0.pdb,0.3053
2VYR,sub-component_all/2VYR_0-0-0-0_2.pdb,0.1126
6RO0,sub-component_all/6RO0_0-2-4_3.pdb,0.2141
7CGE,sub-component_all/7CGE_1-2-3_2.pdb,0.1887
2V7Q,sub-component_all/2V7Q_011.pdb,0.4217
5B04,sub-component_all/5B04_012.pdb,0.105
6RO0,sub-component_all/6RO0_0-0-4_0.pdb,0.168
3U6X,sub-component_all/3U6X_1-1-1-1_3.pdb,0.1333
2V5H,sub-component_all/2V5H_0-0-1-1_3.pdb,0.2938
1X9F,sub-component_all/1X9F_1-2-3_4.pdb,0.1936
6J0B,sub-component_all/6J0B_0-1-1-1_4.pdb,0.0822
6ESQ,sub-component_all/6ESQ_2-2-2-2_4.pdb,0.3997
2NV2,sub-component_all/2NV2_0-1-1-1_0.pdb,0.1466
1Q95,sub-component_all/1Q95_1-1-1-1_3.pdb,0.1248
1AVO,sub-component_all/1AVO_0-0-1-1_2.pdb,0.285
2DD4,sub-component_all/2DD4_1-1-1-1_0.pdb,0.297
6ESQ,sub-component_all/6ESQ_0-0-2-2_0.pdb,0.424
5AA5,sub-component_all/5AA5_0-0-0-0_2.pdb,0.176
3N99,sub-component_all/3N99_0-0-0-0_1.pdb,0.3985
2DD4,sub-component_all/2DD4_0-0-0-2_2.pdb,0.1995
5CW7,sub-component_all/5CW7_0-1-1-1_2.pdb,0.2243
6RO0,sub-component_all/6RO0_0-2-4_4.pdb,0.1784
6LQH,sub-component_all/6LQH_0-0-1-1_4.pdb,0.2213
6PYT,sub-component_all/6PYT_0-0-0-1_2.pdb,0.0763
5TRM,sub-component_all/5TRM_0-0-0-0_3.pdb,0.1075
2DD4,sub-component_all/2DD4_0-0-2-2_0.pdb,0.2718
6SQR,sub-component_all/6SQR_135.pdb,0.2472
6RO0,sub-component_all/6RO0_2-2-2_4.pdb,0.1607
5JQL,sub-component_all/5JQL_0-0-0-0_3.pdb,0.1409
5CW7,sub-component_all/5CW7_1-1-1-1_2.pdb,0.1613
7JZ2,sub-component_all/7JZ2_1-1-2_3.pdb,0.1392
6MST,sub-component_all/6MST_0-0-0-0_1.pdb,0.1216
1NGK,sub-component_all/1NGK_0-0-0-0_2.pdb,0.1632
1Q5Q,sub-component_all/1Q5Q_0-0-1-1_4.pdb,0.2747
6RO0,sub-component_all/6RO0_1-2-4_0.pdb,0.2528
7JZ2,sub-component_all/7JZ2_0-2-2_2.pdb,0.2289
6RO0,sub-component_all/6RO0_0-2-2_4.pdb,0.1813
1BHC,sub-component_all/1BHC_0-0-0-0_3.pdb,0.2383
7CGE,sub-component_all/7CGE_3-3-3_2.pdb,0.1825
2VYR,sub-component_all/2VYR_0-0-1-1_0.pdb,0.1893
2NV2,sub-component_all/2NV2_0-0-0-0_2.pdb,0.1935
3KIF,sub-component_all/3KIF_0-0-0-0_0.pdb,0.2538
7JZ2,sub-component_all/7JZ2_2-3-3_2.pdb,0.098
6RO0,sub-component_all/6RO0_1-1-1_0.pdb,0.1572
3U6X,sub-component_all/3U6X_0-1-1-1_3.pdb,0.1093
6G94,sub-component_all/6G94_0-0-0-2_1.pdb,0.115
7AJP,sub-component_all/7AJP_0-0-0-0_0.pdb,0.2527
6Z1F,sub-component_all/6Z1F_0-0-2-2_4.pdb,0.0601
1NGK,sub-component_all/1NGK_0-0-0-0_0.pdb,0.1316
3ZQM,sub-component_all/3ZQM_0-0-0-0_2.pdb,0.3942
6RO0,sub-component_all/6RO0_2-4-4_4.pdb,0.1958
6S5L,sub-component_all/6S5L_0-0-0-0_0.pdb,0.2013
6SQR,sub-component_all/6SQR_011.pdb,0.2022
6YBQ,sub-component_all/6YBQ_1-1-1-1_2.pdb,0.1195
6N3P,sub-component_all/6N3P_0-1-1-1_4.pdb,0.1583
1Z6O,sub-component_all/1Z6O_0-0-0-0_4.pdb,0.0746
1YKK,sub-component_all/1YKK_1-1-1-1_1.pdb,0.2727
6SSI,sub-component_all/6SSI_0-1-1-1_0.pdb,0.2921
2C41,sub-component_all/2C41_0-0-0-0_3.pdb,0.1861
6ZEE,sub-component_all/6ZEE_1-1-1-1_1.pdb,0.048
6Z1F,sub-component_all/6Z1F_0-1-1-1_0.pdb,0.2519
1PCQ,sub-component_all/1PCQ_1-1-1-1_3.pdb,0.0465
6OFG,sub-component_all/6OFG_0-0-0-0_4.pdb,0.1172
1YKK,sub-component_all/1YKK_0-0-0-1_4.pdb,0.2969
4BHU,sub-component_all/4BHU_0-0-1-1_3.pdb,0.2372
1RBL,sub-component_all/1RBL_1-1-1-1_1.pdb,0.0497
5JQL,sub-component_all/5JQL_1-1-1-1_0.pdb,0.0626
6RO0,sub-component_all/6RO0_0-1-2_1.pdb,0.1889
6Z1F,sub-component_all/6Z1F_1-1-1-1_0.pdb,0.2959
2C41,sub-component_all/2C41_0-0-0-0_2.pdb,0.1961
5AA5,sub-component_all/5AA5_0-0-0-1_2.pdb,0.2432
1X9F,sub-component_all/1X9F_1-1-2_4.pdb,0.1734
6RO0,sub-component_all/6RO0_0-0-3_3.pdb,0.1635
4RDQ,sub-component_all/4RDQ_0-1-1-1_4.pdb,0.1142
4RAP,sub-component_all/4RAP_0-0-0-0_4.pdb,0.3338
6RO0,sub-component_all/6RO0_2-3-4_1.pdb,0.216
6RO0,sub-component_all/6RO0_1-3-3_0.pdb,0.2226
6ESQ,sub-component_all/6ESQ_0-0-0-0_1.pdb,0.2747
6Z1F,sub-component_all/6Z1F_1-1-2-2_0.pdb,0.1824
5F2Q,sub-component_all/5F2Q_0-0-0-0_3.pdb,0.3165
6N3P,sub-component_all/6N3P_0-0-0-1_3.pdb,0.371
6QSU,sub-component_all/6QSU_0-0-0-0_1.pdb,0.0541
4RSU,sub-component_all/4RSU_0-0-0-0_4.pdb,0.2697
6N3P,sub-component_all/6N3P_1-1-1-1_2.pdb,0.1301
1RBL,sub-component_all/1RBL_1-1-1-1_4.pdb,0.0526
5JQL,sub-component_all/5JQL_0-1-1-1_3.pdb,0.1598
6G94,sub-component_all/6G94_0-0-1-2_2.pdb,0.3485
1AVO,sub-component_all/1AVO_0-0-0-0_1.pdb,0.0692
5JQL,sub-component_all/5JQL_0-0-0-0_1.pdb,0.1423
1S3Q,sub-component_all/1S3Q_0-0-0-0_4.pdb,0.1883
3ONR,sub-component_all/3ONR_0-0-0-0_4.pdb,0.2014
1X9F,sub-component_all/1X9F_2-2-2_4.pdb,0.1627
6ESQ,sub-component_all/6ESQ_1-2-2-2_0.pdb,0.3364
6X04,sub-component_all/6X04_0-1-1-1_4.pdb,0.1775
2VYR,sub-component_all/2VYR_0-0-0-0_0.pdb,0.1128
6RO0,sub-component_all/6RO0_0-0-1_2.pdb,0.1746
7CGE,sub-component_all/7CGE_2-3-3_1.pdb,0.1332
1Q95,sub-component_all/1Q95_0-0-0-0_4.pdb,0.2652
6J0B,sub-component_all/6J0B_0-0-0-1_3.pdb,0.1203
6RO0,sub-component_all/6RO0_1-1-3_1.pdb,0.2114
6ESQ,sub-component_all/6ESQ_0-0-0-1_0.pdb,0.289
6LNI,sub-component_all/6LNI_0-0-0-0_2.pdb,0.1064
1NGK,sub-component_all/1NGK_0-0-0-0_4.pdb,0.1989
7JKC,sub-component_all/7JKC_0-0-0-0_3.pdb,0.2718
6RO0,sub-component_all/6RO0_0-2-3_4.pdb,0.1965
1X9F,sub-component_all/1X9F_0-2-3_3.pdb,0.1769
1RBL,sub-component_all/1RBL_0-0-1-1_0.pdb,0.2498
1BCF,sub-component_all/1BCF_0-0-0-0_4.pdb,0.1695
7AJP,sub-component_all/7AJP_0-0-0-0_2.pdb,0.2413
6RO0,sub-component_all/6RO0_0-2-2_3.pdb,0.1661
7JZ2,sub-component_all/7JZ2_0-1-3_1.pdb,0.2885
2V7Q,sub-component_all/2V7Q_003.pdb,0.1742
7CGE,sub-component_all/7CGE_1-1-3_4.pdb,0.2729
6RO0,sub-component_all/6RO0_2-4-4_1.pdb,0.1977
6SSI,sub-component_all/6SSI_0-0-0-1_3.pdb,0.4508
7JZ2,sub-component_all/7JZ2_0-0-3_4.pdb,0.2005
2WYR,sub-component_all/2WYR_0-0-0-0_0.pdb,0.3169
3DTD,sub-component_all/3DTD_0-0-0-0_4.pdb,0.2074
6M3X,sub-component_all/6M3X_0-0-0-0_0.pdb,0.1665
1Q5Q,sub-component_all/1Q5Q_0-0-1-1_0.pdb,0.2848
6RO0,sub-component_all/6RO0_0-0-1_4.pdb,0.223
6RO0,sub-component_all/6RO0_0-0-3_0.pdb,0.1725
1RBL,sub-component_all/1RBL_1-1-1-1_3.pdb,0.0527
7JZ2,sub-component_all/7JZ2_0-0-3_2.pdb,0.1907
6RO0,sub-component_all/6RO0_3-3-4_3.pdb,0.1083
6X04,sub-component_all/6X04_0-0-0-1_3.pdb,0.2117
1G63,sub-component_all/1G63_0-0-0-0_2.pdb,0.2158
1AVO,sub-component_all/1AVO_0-0-0-0_3.pdb,0.0719
6RO0,sub-component_all/6RO0_0-3-3_3.pdb,0.1813
6N3P,sub-component_all/6N3P_1-1-1-1_4.pdb,0.116
1X9F,sub-component_all/1X9F_2-2-2_2.pdb,0.1297
6Z1F,sub-component_all/6Z1F_2-2-2-2_1.pdb,0.0315
6RO0,sub-component_all/6RO0_0-1-1_2.pdb,0.1929
7JZ2,sub-component_all/7JZ2_0-3-3_1.pdb,0.194
1TYF,sub-component_all/1TYF_0-0-0-0_4.pdb,0.1829
6X04,sub-component_all/6X04_1-1-1-1_3.pdb,0.0705
1TH7,sub-component_all/1TH7_0-0-0-0_0.pdb,0.2671
6Z1F,sub-component_all/6Z1F_0-2-2-2_3.pdb,0.064
6RO0,sub-component_all/6RO0_0-2-3_3.pdb,0.1977
1X9F,sub-component_all/1X9F_1-2-2_1.pdb,0.1931
6YBQ,sub-component_all/6YBQ_0-1-1-1_4.pdb,0.2478
6OVH,sub-component_all/6OVH_0-0-0-0_1.pdb,0.1307
6SSI,sub-component_all/6SSI_0-0-1-1_4.pdb,0.3184
1PCQ,sub-component_all/1PCQ_0-0-1-1_3.pdb,0.1384
4RDQ,sub-component_all/4RDQ_0-1-1-1_1.pdb,0.1013
6SSI,sub-component_all/6SSI_0-0-0-0_2.pdb,0.5037
6LNI,sub-component_all/6LNI_0-0-0-0_3.pdb,0.1257
2C41,sub-component_all/2C41_0-0-0-0_4.pdb,0.1962
1Z6O,sub-component_all/1Z6O_1-1-1-1_4.pdb,0.0783
2DD4,sub-component_all/2DD4_0-0-2-2_2.pdb,0.3363
7CGE,sub-component_all/7CGE_1-3-3_3.pdb,0.1674
1RVV,sub-component_all/1RVV_0-0-0-0_2.pdb,0.1332
4JPN,sub-component_all/4JPN_0-0-0-0_3.pdb,0.1642
2VYR,sub-component_all/2VYR_1-1-1-1_2.pdb,0.1647
6QSU,sub-component_all/6QSU_0-1-1-1_2.pdb,0.2007
6E7D,sub-component_all/6E7D_0-0-1-1_2.pdb,0.1265
6PYT,sub-component_all/6PYT_0-0-0-0_0.pdb,0.1001
1AVO,sub-component_all/1AVO_0-1-1-1_3.pdb,0.3414
3HHW,sub-component_all/3HHW_0-0-0-0_0.pdb,0.056
6RO0,sub-component_all/6RO0_0-3-3_4.pdb,0.1767
6J0B,sub-component_all/6J0B_0-1-1-1_1.pdb,0.0836
6RO0,sub-component_all/6RO0_1-1-4_2.pdb,0.2463
6RO0,sub-component_all/6RO0_2-3-3_2.pdb,0.2226
6PYT,sub-component_all/6PYT_0-1-1-1_3.pdb,0.1311
3ONR,sub-component_all/3ONR_0-0-0-0_2.pdb,0.3058
5JQL,sub-component_all/5JQL_1-1-1-1_1.pdb,0.0842
6QSU,sub-component_all/6QSU_0-0-0-1_3.pdb,0.1324
6SQR,sub-component_all/6SQR_224.pdb,0.1025
6NHT,sub-component_all/6NHT_0-0-0-0_4.pdb,0.0719
1X9F,sub-component_all/1X9F_0-2-2_0.pdb,0.2013
6RO0,sub-component_all/6RO0_3-4-4_3.pdb,0.1501
6E7D,sub-component_all/6E7D_0-0-1-1_3.pdb,0.1179
1X9F,sub-component_all/1X9F_0-2-2_2.pdb,0.1834
2DD4,sub-component_all/2DD4_2-2-2-2_2.pdb,0.224
6Z1F,sub-component_all/6Z1F_2-2-2-2_3.pdb,0.038
5J09,sub-component_all/5J09_0-0-0-0_4.pdb,0.2162
2VYR,sub-component_all/2VYR_0-0-0-1_4.pdb,0.1351
5T11,sub-component_all/5T11_0-0-0-0_1.pdb,0.3353
6RO0,sub-component_all/6RO0_0-0-4_4.pdb,0.1749
3VG8,sub-component_all/3VG8_0-0-0-0_3.pdb,0.2144
5AA5,sub-component_all/5AA5_1-1-1-1_3.pdb,0.2006
1X9F,sub-component_all/1X9F_2-2-2_1.pdb,0.1205
2DD4,sub-component_all/2DD4_0-1-1-1_4.pdb,0.2879
6Z1F,sub-component_all/6Z1F_1-1-1-2_2.pdb,0.239
6MRT,sub-component_all/6MRT_0-0-0-0_4.pdb,0.1391
5K2M,sub-component_all/5K2M_0-0-1_3.pdb,0.2519
6ESQ,sub-component_all/6ESQ_0-2-2-2_4.pdb,0.4118
4RDQ,sub-component_all/4RDQ_1-1-1-1_0.pdb,0.1134
6G94,sub-component_all/6G94_1-1-1-1_4.pdb,0.3359
7CGE,sub-component_all/7CGE_0-0-0_1.pdb,0.2107
6SQR,sub-component_all/6SQR_024.pdb,0.1149
6E7D,sub-component_all/6E7D_0-0-0-1_3.pdb,0.1385
2FKD,sub-component_all/2FKD_0-0-0-0_3.pdb,0.2826
1JYM,sub-component_all/1JYM_0-0-0-0_1.pdb,0.1431
1YKK,sub-component_all/1YKK_0-0-0-0_3.pdb,0.0978
6G94,sub-component_all/6G94_0-2-2-2_4.pdb,0.1144
5B04,sub-component_all/5B04_001.pdb,0.2658
3TOS,sub-component_all/3TOS_0-0-0-0_1.pdb,0.3989
6Z1F,sub-component_all/6Z1F_2-2-2-2_2.pdb,0.0365
7JKC,sub-component_all/7JKC_0-0-0-0_1.pdb,0.2688
1X9F,sub-component_all/1X9F_0-0-0_1.pdb,0.1654
1PCQ,sub-component_all/1PCQ_0-0-0-0_2.pdb,0.2222
6G94,sub-component_all/6G94_0-0-2-2_2.pdb,0.1933
3U6X,sub-component_all/3U6X_0-0-1-1_0.pdb,0.2935
2D3A,sub-component_all/2D3A_0-0-0-0_1.pdb,0.3991
6ESQ,sub-component_all/6ESQ_1-1-1-1_3.pdb,0.0915
6RO0,sub-component_all/6RO0_1-2-2_1.pdb,0.1594
7CGE,sub-component_all/7CGE_1-2-3_0.pdb,0.1951
7CGE,sub-component_all/7CGE_2-2-3_2.pdb,0.084
5CW7,sub-component_all/5CW7_0-1-1-1_3.pdb,0.2061
4JPN,sub-component_all/4JPN_0-0-0-0_0.pdb,0.1501
3BJQ,sub-component_all/3BJQ_0-0-0-0_2.pdb,0.3531
6ESQ,sub-component_all/6ESQ_1-1-1-2_3.pdb,0.209
7CGE,sub-component_all/7CGE_1-1-3_2.pdb,0.2726
5CW7,sub-component_all/5CW7_0-0-0-1_1.pdb,0.1829
6LQH,sub-component_all/6LQH_0-0-0-0_3.pdb,0.38
6X04,sub-component_all/6X04_0-0-0-0_0.pdb,0.2834
6E7D,sub-component_all/6E7D_0-0-1-1_1.pdb,0.1292
6RO0,sub-component_all/6RO0_0-0-3_2.pdb,0.1646
6E7D,sub-component_all/6E7D_0-1-1-1_1.pdb,0.1031
6Z1F,sub-component_all/6Z1F_1-2-2-2_0.pdb,0.1255
2V5H,sub-component_all/2V5H_0-0-1-1_1.pdb,0.2392
1X9F,sub-component_all/1X9F_1-1-2_3.pdb,0.1675
6RO0,sub-component_all/6RO0_1-4-4_4.pdb,0.199
2A3W,sub-component_all/2A3W_0-0-0-0_0.pdb,0.3963
6RO0,sub-component_all/6RO0_0-0-2_2.pdb,0.2062
6UIW,sub-component_all/6UIW_0-0-0-0_1.pdb,0.3443
6G94,sub-component_all/6G94_0-2-2-2_3.pdb,0.1375
6SQR,sub-component_all/6SQR_125.pdb,0.2051
6ZEE,sub-component_all/6ZEE_0-1-1-1_0.pdb,0.184
6SQR,sub-component_all/6SQR_133.pdb,0.236
3ONR,sub-component_all/3ONR_0-0-0-0_3.pdb,0.2527
6G94,sub-component_all/6G94_0-2-2-2_1.pdb,0.1655
6SSI,sub-component_all/6SSI_1-1-1-1_1.pdb,0.0691
6ESQ,sub-component_all/6ESQ_0-1-1-1_4.pdb,0.2035
6N3P,sub-component_all/6N3P_1-1-1-1_3.pdb,0.1143
6Z1F,sub-component_all/6Z1F_0-0-2-2_0.pdb,0.095
2EWC,sub-component_all/2EWC_0-0-0-0_2.pdb,0.2671
1L6W,sub-component_all/1L6W_0-0-0-0_2.pdb,0.3989
3A2C,sub-component_all/3A2C_000.pdb,0.1205
6ESQ,sub-component_all/6ESQ_1-1-2-2_4.pdb,0.2732
1H2I,sub-component_all/1H2I_0-0-0-0_4.pdb,0.3607
1X9F,sub-component_all/1X9F_1-1-3_0.pdb,0.1867
4RDQ,sub-component_all/4RDQ_0-0-0-1_3.pdb,0.278
3U6X,sub-component_all/3U6X_0-0-0-0_4.pdb,0.2913
6PYT,sub-component_all/6PYT_1-1-1-1_1.pdb,0.1113
4RDQ,sub-component_all/4RDQ_0-1-1-1_0.pdb,0.1267
5AA5,sub-component_all/5AA5_0-1-1-1_1.pdb,0.2496
6G94,sub-component_all/6G94_1-2-2-2_3.pdb,0.2088
5B04,sub-component_all/5B04_013.pdb,0.2743
6RO0,sub-component_all/6RO0_0-4-4_2.pdb,0.1552
5JQL,sub-component_all/5JQL_0-0-0-1_4.pdb,0.2111
6SQR,sub-component_all/6SQR_055.pdb,0.1037
2DD4,sub-component_all/2DD4_0-2-2-2_4.pdb,0.2216
6RO0,sub-component_all/6RO0_1-1-1_1.pdb,0.1584
1PCQ,sub-component_all/1PCQ_0-0-0-1_0.pdb,0.1952
7JZ2,sub-component_all/7JZ2_0-0-2_4.pdb,0.1924
6SSI,sub-component_all/6SSI_0-1-1-1_4.pdb,0.1745
6LQH,sub-component_all/6LQH_0-1-1-1_4.pdb,0.141
1G0U,sub-component_all/1G0U_0-0-0-0_1.pdb,0.1421
5CW7,sub-component_all/5CW7_0-0-0-1_4.pdb,0.1502
2D3A,sub-component_all/2D3A_0-0-0-0_3.pdb,0.3149
1NLX,sub-component_all/1NLX_0-0-0-0_1.pdb,0.1297
6SQR,sub-component_all/6SQR_033.pdb,0.1114
1IWA,sub-component_all/1IWA_0-0-1-1_4.pdb,0.2495
1Q5Q,sub-component_all/1Q5Q_1-1-1-1_1.pdb,0.1472
7JJP,sub-component_all/7JJP_0-0-0-0_2.pdb,0.2666
2VYR,sub-component_all/2VYR_0-1-1-1_0.pdb,0.1805
3LAY,sub-component_all/3LAY_0-0-0-0_1.pdb,0.3968
7JZ2,sub-component_all/7JZ2_1-1-1_4.pdb,0.1084
1IWA,sub-component_all/1IWA_0-0-0-1_0.pdb,0.3183
4IC1,sub-component_all/4IC1_0-0-0-0_2.pdb,0.3935
1Q5Q,sub-component_all/1Q5Q_0-1-1-1_4.pdb,0.266
4BHU,sub-component_all/4BHU_0-0-0-0_2.pdb,0.1787
6G94,sub-component_all/6G94_1-1-2-2_3.pdb,0.3431
6RO0,sub-component_all/6RO0_2-2-3_0.pdb,0.1989
6LNI,sub-component_all/6LNI_0-0-0-0_4.pdb,0.0872
2DD4,sub-component_all/2DD4_0-2-2-2_0.pdb,0.2181
6Z1F,sub-component_all/6Z1F_0-0-0-1_0.pdb,0.1473
6OSJ,sub-component_all/6OSJ_0-0-0-0_4.pdb,0.1046
7CGE,sub-component_all/7CGE_2-2-3_4.pdb,0.0754
3HHW,sub-component_all/3HHW_0-1-1-1_1.pdb,0.5336
6RO0,sub-component_all/6RO0_1-2-2_4.pdb,0.1608
6RO0,sub-component_all/6RO0_0-3-3_1.pdb,0.1602
6RO0,sub-component_all/6RO0_0-0-3_1.pdb,0.163
6RO0,sub-component_all/6RO0_1-2-2_3.pdb,0.1632
6KWY,sub-component_all/6KWY_0-0-0-0_2.pdb,0.1112
6SQR,sub-component_all/6SQR_023.pdb,0.1394
7JZ2,sub-component_all/7JZ2_0-2-3_0.pdb,0.1771
2VYR,sub-component_all/2VYR_1-1-1-1_0.pdb,0.1769
2OBX,sub-component_all/2OBX_0-0-0-0_4.pdb,0.3958
4RSU,sub-component_all/4RSU_0-0-1-1_3.pdb,0.3321
5LK5,sub-component_all/5LK5_0-0-0-0_1.pdb,0.1439
6E7D,sub-component_all/6E7D_0-0-0-0_4.pdb,0.107
4K2J,sub-component_all/4K2J_0-0-0-0_1.pdb,0.383
2G9T,sub-component_all/2G9T_0-0-0-0_0.pdb,0.1739
6Z1F,sub-component_all/6Z1F_0-2-2-2_4.pdb,0.0594
1VDM,sub-component_all/1VDM_0-0-0-0_3.pdb,0.2123
6SQR,sub-component_all/6SQR_233.pdb,0.1348
1IRU,sub-component_all/1IRU_0-0-0-0_2.pdb,0.1466
2DD4,sub-component_all/2DD4_0-0-0-1_1.pdb,0.2006
4BHU,sub-component_all/4BHU_0-0-0-1_4.pdb,0.2285
2DD4,sub-component_all/2DD4_0-2-2-2_3.pdb,0.3022
1KP8,sub-component_all/1KP8_0-0-0-0_3.pdb,0.2813
2DD4,sub-component_all/2DD4_0-0-0-0_1.pdb,0.1058
6G94,sub-component_all/6G94_0-0-0-0_0.pdb,0.2038
6PYT,sub-component_all/6PYT_0-1-1-1_4.pdb,0.0632
6X04,sub-component_all/6X04_0-1-1-1_2.pdb,0.1771
7CGE,sub-component_all/7CGE_0-2-3_4.pdb,0.178
6SSI,sub-component_all/6SSI_0-1-1-1_1.pdb,0.2515
1DW9,sub-component_all/1DW9_0-0-0-0_4.pdb,0.3492
2WCV,sub-component_all/2WCV_0-0-0-0_1.pdb,0.401
1GH0,sub-component_all/1GH0_0-0-0_0.pdb,0.104
1Q95,sub-component_all/1Q95_1-1-1-1_0.pdb,0.1067
6J0B,sub-component_all/6J0B_1-1-1-1_3.pdb,0.0985
7CGE,sub-component_all/7CGE_1-3-3_2.pdb,0.1509
5JYX,sub-component_all/5JYX_0-0-0-0_0.pdb,0.2094
2DD4,sub-component_all/2DD4_1-1-1-2_4.pdb,0.2154
6Z1F,sub-component_all/6Z1F_0-1-2-2_1.pdb,0.1246
5CW7,sub-component_all/5CW7_0-0-0-0_1.pdb,0.0962
2NV2,sub-component_all/2NV2_0-1-1-1_4.pdb,0.1262
1JYM,sub-component_all/1JYM_0-0-0-0_2.pdb,0.1765
6NHT,sub-component_all/6NHT_0-0-1-1_2.pdb,0.0963
2DD4,sub-component_all/2DD4_0-0-0-0_4.pdb,0.1065
7JZ2,sub-component_all/7JZ2_0-3-3_0.pdb,0.1918
5B04,sub-component_all/5B04_022.pdb,0.1051
6RO0,sub-component_all/6RO0_1-1-1_2.pdb,0.1496
3JVO,sub-component_all/3JVO_0-0-0-0_0.pdb,0.2968
3OOQ,sub-component_all/3OOQ_0-0-0-0_2.pdb,0.3999
6ESQ,sub-component_all/6ESQ_0-0-1-1_3.pdb,0.2991
2DD4,sub-component_all/2DD4_0-1-1-1_2.pdb,0.2866
7AJP,sub-component_all/7AJP_0-0-0-0_4.pdb,0.2204
6E7D,sub-component_all/6E7D_0-0-0-0_1.pdb,0.1197
6G94,sub-component_all/6G94_1-1-1-1_3.pdb,0.3113
3ZQM,sub-component_all/3ZQM_0-0-0-0_1.pdb,0.3949
6RO0,sub-component_all/6RO0_2-3-4_0.pdb,0.2156
7JKC,sub-component_all/7JKC_0-0-0-0_0.pdb,0.2738
6G94,sub-component_all/6G94_0-0-1-1_1.pdb,0.4493
5CW7,sub-component_all/5CW7_0-0-0-1_2.pdb,0.1879
6Z1F,sub-component_all/6Z1F_0-0-1-2_1.pdb,0.1728
4JPN,sub-component_all/4JPN_0-0-0-0_1.pdb,0.1532
6SQR,sub-component_all/6SQR_003.pdb,0.1177
1X9F,sub-component_all/1X9F_1-3-3_1.pdb,0.1812
1BHC,sub-component_all/1BHC_0-0-0-0_4.pdb,0.1699
2VYR,sub-component_all/2VYR_0-0-1-1_2.pdb,0.1221
6SSI,sub-component_all/6SSI_0-0-1-1_1.pdb,0.3938
6RO0,sub-component_all/6RO0_0-0-0_1.pdb,0.172
1IWA,sub-component_all/1IWA_0-1-1-1_4.pdb,0.1773
5BSE,sub-component_all/5BSE_0-0-0-0_0.pdb,0.3994
7JZ2,sub-component_all/7JZ2_0-0-2_1.pdb,0.193
1Q95,sub-component_all/1Q95_0-0-1-1_3.pdb,0.2572
6RO0,sub-component_all/6RO0_1-1-1_3.pdb,0.1501
5K2M,sub-component_all/5K2M_1-1-1_1.pdb,0.0297
4RDQ,sub-component_all/4RDQ_0-1-1-1_3.pdb,0.1135
7CGE,sub-component_all/7CGE_2-2-3_0.pdb,0.0793
6ESQ,sub-component_all/6ESQ_0-1-1-2_0.pdb,0.285
6RO0,sub-component_all/6RO0_0-0-1_1.pdb,0.1998
2V18,sub-component_all/2V18_0-0-0-0_3.pdb,0.2135
1X9F,sub-component_all/1X9F_0-3-3_4.pdb,0.1657
6RO0,sub-component_all/6RO0_0-0-2_3.pdb,0.1961
6NHT,sub-component_all/6NHT_0-0-0-0_3.pdb,0.0709
6OSJ,sub-component_all/6OSJ_0-0-0-0_3.pdb,0.164
1Q5Q,sub-component_all/1Q5Q_0-1-1-1_2.pdb,0.2856
1D0I,sub-component_all/1D0I_0-0-0-0_0.pdb,0.195
1Z6O,sub-component_all/1Z6O_0-1-1-1_2.pdb,0.1617
7CGE,sub-component_all/7CGE_1-2-2_0.pdb,0.2122
5K2M,sub-component_all/5K2M_1-1-1_0.pdb,0.028
6LQH,sub-component_all/6LQH_0-0-1-1_3.pdb,0.221
5XPB,sub-component_all/5XPB_0-0-0-0_4.pdb,0.4003
6RO0,sub-component_all/6RO0_2-2-4_4.pdb,0.2384
1X9F,sub-component_all/1X9F_1-3-3_2.pdb,0.1858
2V5H,sub-component_all/2V5H_0-1-1-1_0.pdb,0.1451
6NHT,sub-component_all/6NHT_1-1-1-1_4.pdb,0.0894
6YBQ,sub-component_all/6YBQ_0-0-0-1_3.pdb,0.3949
6Z1F,sub-component_all/6Z1F_0-0-2-2_1.pdb,0.0992
1X9F,sub-component_all/1X9F_0-2-3_4.pdb,0.1893
1PCQ,sub-component_all/1PCQ_1-1-1-1_4.pdb,0.0406
6ESQ,sub-component_all/6ESQ_0-1-1-1_3.pdb,0.1959
1X9F,sub-component_all/1X9F_0-0-0_2.pdb,0.1783
7CGE,sub-component_all/7CGE_2-3-3_3.pdb,0.1265
4RDQ,sub-component_all/4RDQ_0-0-0-1_0.pdb,0.2025
1A8R,sub-component_all/1A8R_0-0-0-0_0.pdb,0.4054
2DD4,sub-component_all/2DD4_1-1-1-1_4.pdb,0.112
3JVO,sub-component_all/3JVO_0-0-0-0_4.pdb,0.1605
1X9F,sub-component_all/1X9F_0-3-3_3.pdb,0.1629
6Z1F,sub-component_all/6Z1F_0-0-2-2_3.pdb,0.0958
6ESQ,sub-component_all/6ESQ_0-1-1-2_4.pdb,0.2834
1KP8,sub-component_all/1KP8_0-0-0-0_4.pdb,0.2142
6ESQ,sub-component_all/6ESQ_0-1-1-2_1.pdb,0.2841
3MQ7,sub-component_all/3MQ7_0-0-0-0_1.pdb,0.3211
2DD4,sub-component_all/2DD4_0-0-0-2_1.pdb,0.2033
2DD4,sub-component_all/2DD4_0-0-0-0_3.pdb,0.1156
6J0B,sub-component_all/6J0B_0-0-1-1_1.pdb,0.1201
3LAY,sub-component_all/3LAY_0-0-0-0_2.pdb,0.3951
6YBQ,sub-component_all/6YBQ_0-0-0-0_4.pdb,0.3147
2DD4,sub-component_all/2DD4_0-0-2-2_4.pdb,0.2064
6LQH,sub-component_all/6LQH_1-1-1-1_3.pdb,0.0909
6RO0,sub-component_all/6RO0_3-3-4_2.pdb,0.1042
6E7D,sub-component_all/6E7D_1-1-1-1_2.pdb,0.046
2VYR,sub-component_all/2VYR_0-0-0-0_3.pdb,0.1105
6ZEE,sub-component_all/6ZEE_0-0-0-1_3.pdb,0.1972
5TRM,sub-component_all/5TRM_0-0-0-0_0.pdb,0.0833
6ZEE,sub-component_all/6ZEE_0-0-0-1_4.pdb,0.1952
6E7D,sub-component_all/6E7D_0-1-1-1_0.pdb,0.0788
1IJG,sub-component_all/1IJG_0-0-0-0_1.pdb,0.3312
3LAY,sub-component_all/3LAY_0-0-0-0_0.pdb,0.3948
6PYT,sub-component_all/6PYT_0-0-0-1_4.pdb,0.0766
6N3P,sub-component_all/6N3P_0-0-0-1_1.pdb,0.3798
6Z1F,sub-component_all/6Z1F_0-1-2-2_4.pdb,0.1095
1S3Q,sub-component_all/1S3Q_0-0-0-0_1.pdb,0.3324
3VG8,sub-component_all/3VG8_0-0-0-0_4.pdb,0.179
7JJP,sub-component_all/7JJP_0-0-0-0_1.pdb,0.3319
6SQR,sub-component_all/6SQR_025.pdb,0.0884
6X04,sub-component_all/6X04_1-1-1-1_1.pdb,0.0745
6Z1F,sub-component_all/6Z1F_0-1-1-2_4.pdb,0.1911
7JZ2,sub-component_all/7JZ2_0-2-2_3.pdb,0.1789
6ESQ,sub-component_all/6ESQ_0-2-2-2_3.pdb,0.4102
4RDQ,sub-component_all/4RDQ_0-0-1-1_4.pdb,0.1353
1Z6O,sub-component_all/1Z6O_1-1-1-1_1.pdb,0.0843
2EWC,sub-component_all/2EWC_0-0-0-0_4.pdb,0.2017
6RO0,sub-component_all/6RO0_0-1-1_1.pdb,0.1924
6ESQ,sub-component_all/6ESQ_1-1-1-1_4.pdb,0.0832
6ESQ,sub-component_all/6ESQ_0-0-2-2_2.pdb,0.3213
6RO0,sub-component_all/6RO0_3-4-4_1.pdb,0.0799
2DD4,sub-component_all/2DD4_2-2-2-2_1.pdb,0.2258
5JQL,sub-component_all/5JQL_0-1-1-1_1.pdb,0.1601
1JYM,sub-component_all/1JYM_0-0-0-0_0.pdb,0.1746
2GRE,sub-component_all/2GRE_0-0-0-0_2.pdb,0.3323
1X9F,sub-component_all/1X9F_2-3-3_2.pdb,0.1719
6NHT,sub-component_all/6NHT_0-0-0-1_4.pdb,0.0679
2DD4,sub-component_all/2DD4_0-0-0-1_3.pdb,0.1981
6Z1F,sub-component_all/6Z1F_0-1-2-2_0.pdb,0.1497
5CW7,sub-component_all/5CW7_1-1-1-1_1.pdb,0.1705
5CW7,sub-component_all/5CW7_1-1-1-1_4.pdb,0.1759
2V5H,sub-component_all/2V5H_0-1-1-1_2.pdb,0.1522
5OVS,sub-component_all/5OVS_0-0-0-0_3.pdb,0.2834
6OFG,sub-component_all/6OFG_0-0-0-0_3.pdb,0.1281
5ODC,sub-component_all/5ODC_004.pdb,0.3853
3JVO,sub-component_all/3JVO_0-0-0-0_1.pdb,0.1606
6RO0,sub-component_all/6RO0_0-0-0_2.pdb,0.1892
1Q5Q,sub-component_all/1Q5Q_0-0-0-0_4.pdb,0.1696
7JZ2,sub-component_all/7JZ2_2-2-2_4.pdb,0.0543
1JYM,sub-component_all/1JYM_0-0-0-0_3.pdb,0.1822
6RO0,sub-component_all/6RO0_2-2-4_0.pdb,0.2457
7JZ2,sub-component_all/7JZ2_0-1-2_3.pdb,0.293
7JZ2,sub-component_all/7JZ2_0-0-1_1.pdb,0.259
6N3P,sub-component_all/6N3P_1-1-1-1_1.pdb,0.1132
7JZ2,sub-component_all/7JZ2_1-1-2_1.pdb,0.1362
1X9F,sub-component_all/1X9F_0-0-2_0.pdb,0.1869
6Z1F,sub-component_all/6Z1F_0-0-1-1_1.pdb,0.1859
3JVO,sub-component_all/3JVO_0-0-0-0_3.pdb,0.2096
5UK3,sub-component_all/5UK3_0-0-0-0_2.pdb,0.4002
1Q95,sub-component_all/1Q95_0-1-1-1_4.pdb,0.1952
1X9F,sub-component_all/1X9F_0-1-2_3.pdb,0.2516
7JZ2,sub-component_all/7JZ2_2-2-2_2.pdb,0.0808
6E7D,sub-component_all/6E7D_1-1-1-1_4.pdb,0.1084
1NGK,sub-component_all/1NGK_0-0-0-0_1.pdb,0.1746
6PYT,sub-component_all/6PYT_0-0-0-1_3.pdb,0.0779
3OOQ,sub-component_all/3OOQ_0-0-0-0_4.pdb,0.3947
1X9F,sub-component_all/1X9F_2-3-3_3.pdb,0.1875
2DD4,sub-component_all/2DD4_1-1-1-2_2.pdb,0.3366
6X04,sub-component_all/6X04_0-1-1-1_1.pdb,0.1785
2VYR,sub-component_all/2VYR_0-0-0-1_0.pdb,0.1508
1X9F,sub-component_all/1X9F_0-2-2_4.pdb,0.1797
1IWA,sub-component_all/1IWA_0-0-0-1_2.pdb,0.3182
6RO0,sub-component_all/6RO0_0-3-4_0.pdb,0.2304
6X04,sub-component_all/6X04_0-0-0-1_1.pdb,0.2063
1X9F,sub-component_all/1X9F_1-2-2_2.pdb,0.1953
2DD4,sub-component_all/2DD4_0-2-2-2_2.pdb,0.1489
2QJG,sub-component_all/2QJG_0-0-0-0_4.pdb,0.3993
6Z1F,sub-component_all/6Z1F_0-0-0-1_3.pdb,0.152
6PYT,sub-component_all/6PYT_0-1-1-1_1.pdb,0.1162
6NHT,sub-component_all/6NHT_0-0-0-0_2.pdb,0.0803
5LK5,sub-component_all/5LK5_0-0-0-0_0.pdb,0.1689
5CW7,sub-component_all/5CW7_0-0-0-1_0.pdb,0.1737
6RO0,sub-component_all/6RO0_3-4-4_2.pdb,0.1576
3OJ5,sub-component_all/3OJ5_0-0-0-0_1.pdb,0.1663
7JZ2,sub-component_all/7JZ2_0-0-0_0.pdb,0.2038
1X9F,sub-component_all/1X9F_1-3-3_4.pdb,0.1972
2V5H,sub-component_all/2V5H_0-0-0-0_0.pdb,0.2936
3U6X,sub-component_all/3U6X_0-1-1-1_2.pdb,0.2485
1X9F,sub-component_all/1X9F_0-1-3_4.pdb,0.2303
6RO0,sub-component_all/6RO0_1-2-4_4.pdb,0.1458
6RD7,sub-component_all/6RD7_0-0-0-0_2.pdb,0.0542
1X9F,sub-component_all/1X9F_0-2-2_3.pdb,0.1847
1Z6O,sub-component_all/1Z6O_0-0-0-1_1.pdb,0.1702
6J0B,sub-component_all/6J0B_0-0-1-1_4.pdb,0.0737
1YKK,sub-component_all/1YKK_1-1-1-1_2.pdb,0.2566
2G9T,sub-component_all/2G9T_0-0-0-0_1.pdb,0.1528
6SQR,sub-component_all/6SQR_123.pdb,0.2481
6Z1F,sub-component_all/6Z1F_0-0-1-2_0.pdb,0.1007
1X9F,sub-component_all/1X9F_2-2-2_3.pdb,0.1322
7JZ2,sub-component_all/7JZ2_2-2-2_0.pdb,0.0699
1X0R,sub-component_all/1X0R_0-0-0-0_0.pdb,0.3992
6PYT,sub-component_all/6PYT_0-0-1-1_4.pdb,0.132
6PYT,sub-component_all/6PYT_0-0-1-1_3.pdb,0.1463
3ZIA,sub-component_all/3ZIA_013.pdb,0.2715
1Q5Q,sub-component_all/1Q5Q_0-0-0-1_0.pdb,0.2827
6RO0,sub-component_all/6RO0_3-3-3_3.pdb,0.0892
1GH0,sub-component_all/1GH0_0-0-0_3.pdb,0.1344
5CW7,sub-component_all/5CW7_0-1-1-1_4.pdb,0.1673
6SQR,sub-component_all/6SQR_124.pdb,0.2467
4RDQ,sub-component_all/4RDQ_1-1-1-1_1.pdb,0.1043
7JZ2,sub-component_all/7JZ2_2-3-3_0.pdb,0.1206
6ZEE,sub-component_all/6ZEE_1-1-1-1_2.pdb,0.0478
1G63,sub-component_all/1G63_0-0-0-0_1.pdb,0.3337
4BHU,sub-component_all/4BHU_0-0-0-1_3.pdb,0.225
6Z1F,sub-component_all/6Z1F_0-0-0-1_4.pdb,0.1293
6RO0,sub-component_all/6RO0_2-3-4_4.pdb,0.2156
6ESQ,sub-component_all/6ESQ_1-1-1-1_1.pdb,0.0848
3U6X,sub-component_all/3U6X_0-0-0-0_3.pdb,0.293
1YKK,sub-component_all/1YKK_0-0-0-1_1.pdb,0.3155
1BHC,sub-component_all/1BHC_0-0-0-0_1.pdb,0.2188
6Z16,sub-component_all/6Z16_000.pdb,0.1996
2E6G,sub-component_all/2E6G_0-0-0-0_2.pdb,0.3295
6RO0,sub-component_all/6RO0_4-4-4_1.pdb,0.117
1Z6O,sub-component_all/1Z6O_0-0-0-0_1.pdb,0.0806
3ZIA,sub-component_all/3ZIA_011.pdb,0.4233
6SDZ,sub-component_all/6SDZ_0-0-0-0_3.pdb,0.1052
6Z16,sub-component_all/6Z16_001.pdb,0.2052
1YKK,sub-component_all/1YKK_0-1-1-1_2.pdb,0.3471
2DD4,sub-component_all/2DD4_0-0-2-2_1.pdb,0.2216
4RDQ,sub-component_all/4RDQ_0-0-0-0_3.pdb,0.37
3U6X,sub-component_all/3U6X_0-0-0-1_0.pdb,0.3303
6NHT,sub-component_all/6NHT_0-0-1-1_3.pdb,0.0951
5CW7,sub-component_all/5CW7_0-0-0-0_2.pdb,0.0819
6G94,sub-component_all/6G94_1-2-2-2_1.pdb,0.2192
6G94,sub-component_all/6G94_2-2-2-2_4.pdb,0.0891
2VYR,sub-component_all/2VYR_0-1-1-1_3.pdb,0.1208
5JQL,sub-component_all/5JQL_0-0-0-0_4.pdb,0.1433
2DD4,sub-component_all/2DD4_1-2-2-2_2.pdb,0.4069
6RO0,sub-component_all/6RO0_0-2-2_2.pdb,0.1782
6SQR,sub-component_all/6SQR_155.pdb,0.2178
6YBQ,sub-component_all/6YBQ_0-0-0-0_0.pdb,0.4705
6QSU,sub-component_all/6QSU_1-1-1-1_3.pdb,0.1429
6ZEE,sub-component_all/6ZEE_1-1-1-1_3.pdb,0.0395
2BX9,sub-component_all/2BX9_0-0-0-0_4.pdb,0.1962
3N99,sub-component_all/3N99_0-0-0-0_3.pdb,0.307
4RSU,sub-component_all/4RSU_0-1-1-1_4.pdb,0.2879
6RO0,sub-component_all/6RO0_1-1-2_4.pdb,0.1899
6SQR,sub-component_all/6SQR_035.pdb,0.1395
6RO0,sub-component_all/6RO0_3-3-3_4.pdb,0.0978
6SQR,sub-component_all/6SQR_001.pdb,0.241
1AVO,sub-component_all/1AVO_0-0-0-0_2.pdb,0.0849
6G94,sub-component_all/6G94_1-1-2-2_2.pdb,0.2202
1X9F,sub-component_all/1X9F_0-3-3_2.pdb,0.1788
6X04,sub-component_all/6X04_0-0-0-1_4.pdb,0.1912
6J0B,sub-component_all/6J0B_0-1-1-1_0.pdb,0.0801
2DD4,sub-component_all/2DD4_0-0-0-1_4.pdb,0.204
1IWA,sub-component_all/1IWA_0-0-0-1_4.pdb,0.3072
6RO0,sub-component_all/6RO0_2-3-3_0.pdb,0.2226
6SQR,sub-component_all/6SQR_111.pdb,0.1738
7JZ2,sub-component_all/7JZ2_2-2-2_3.pdb,0.0797
6RO0,sub-component_all/6RO0_1-3-3_4.pdb,0.2223
6RD7,sub-component_all/6RD7_0-0-0-0_4.pdb,0.0721
1GH0,sub-component_all/1GH0_0-1-1_4.pdb,0.2505
3ZIA,sub-component_all/3ZIA_012.pdb,0.3564
7JZ2,sub-component_all/7JZ2_1-1-1_1.pdb,0.1059
6LQH,sub-component_all/6LQH_0-1-1-1_2.pdb,0.1408
6RO0,sub-component_all/6RO0_1-3-3_3.pdb,0.2223
6RO0,sub-component_all/6RO0_0-2-2_1.pdb,0.1894
2V7Q,sub-component_all/2V7Q_005.pdb,0.199
7JZ2,sub-component_all/7JZ2_1-3-3_3.pdb,0.1535
6NHT,sub-component_all/6NHT_0-0-0-1_1.pdb,0.0523
6RO0,sub-component_all/6RO0_3-3-4_0.pdb,0.1082
6N3P,sub-component_all/6N3P_0-1-1-1_2.pdb,0.1948
6Z1F,sub-component_all/6Z1F_1-1-1-2_4.pdb,0.2278
1X9F,sub-component_all/1X9F_0-0-0_4.pdb,0.1292
2DJW,sub-component_all/2DJW_0-0-0-0_0.pdb,0.3978
7CGE,sub-component_all/7CGE_2-3-3_0.pdb,0.1217
5JYX,sub-component_all/5JYX_0-0-0-0_4.pdb,0.2565
1X9F,sub-component_all/1X9F_0-0-2_3.pdb,0.1845
2DD4,sub-component_all/2DD4_0-0-0-2_3.pdb,0.2047
6G94,sub-component_all/6G94_2-2-2-2_2.pdb,0.1028
6RKE,sub-component_all/6RKE_0-0-0-0_4.pdb,0.3222
6SSI,sub-component_all/6SSI_1-1-1-1_2.pdb,0.0768
6SQR,sub-component_all/6SQR_115.pdb,0.1607
3U6X,sub-component_all/3U6X_0-0-0-0_1.pdb,0.285
5K2M,sub-component_all/5K2M_0-1-1_2.pdb,0.1588
6SSI,sub-component_all/6SSI_0-0-0-1_2.pdb,0.4321
6JCV,sub-component_all/6JCV_0-0-0-0_4.pdb,0.1908
2DJW,sub-component_all/2DJW_0-0-0-0_2.pdb,0.3942
6NHT,sub-component_all/6NHT_1-1-1-1_0.pdb,0.1031
6RO0,sub-component_all/6RO0_0-2-2_0.pdb,0.2114
7CGE,sub-component_all/7CGE_0-2-3_2.pdb,0.1679
4RSU,sub-component_all/4RSU_0-0-0-1_0.pdb,0.3646
1BCF,sub-component_all/1BCF_0-0-0-0_0.pdb,0.3166
1YKK,sub-component_all/1YKK_0-0-0-0_1.pdb,0.1028
2DD4,sub-component_all/2DD4_2-2-2-2_3.pdb,0.3339
6RO0,sub-component_all/6RO0_0-0-0_3.pdb,0.1707
5ODC,sub-component_all/5ODC_002.pdb,0.3637
1X9F,sub-component_all/1X9F_3-3-3_2.pdb,0.1718
4RAP,sub-component_all/4RAP_0-0-0-0_1.pdb,0.3346
6G94,sub-component_all/6G94_0-0-0-2_3.pdb,0.2215
5AA5,sub-component_all/5AA5_0-0-0-1_1.pdb,0.25
6RO0,sub-component_all/6RO0_2-4-4_0.pdb,0.1986
6JCV,sub-component_all/6JCV_0-0-0-0_1.pdb,0.3255
6QSU,sub-component_all/6QSU_0-0-0-0_0.pdb,0.0807
4BHU,sub-component_all/4BHU_0-0-0-1_1.pdb,0.2464
2DD4,sub-component_all/2DD4_0-0-2-2_3.pdb,0.2108
2NV2,sub-component_all/2NV2_0-1-1-1_2.pdb,0.1208
6YBQ,sub-component_all/6YBQ_0-0-0-1_2.pdb,0.3932
4RSU,sub-component_all/4RSU_0-0-0-0_3.pdb,0.2708
1X9F,sub-component_all/1X9F_1-1-3_1.pdb,0.1913
6X04,sub-component_all/6X04_0-0-0-0_2.pdb,0.1977
6OVH,sub-component_all/6OVH_0-0-0-0_0.pdb,0.1397
6SSI,sub-component_all/6SSI_0-0-0-1_0.pdb,0.4544
1RBL,sub-component_all/1RBL_0-1-1-1_0.pdb,0.172
7CGE,sub-component_all/7CGE_2-2-2_2.pdb,0.068
6RO0,sub-component_all/6RO0_0-2-3_0.pdb,0.2832
1BHC,sub-component_all/1BHC_0-0-0-0_2.pdb,0.1928
6E7D,sub-component_all/6E7D_0-0-0-1_0.pdb,0.1429
1F1H,sub-component_all/1F1H_0-0-0-0_2.pdb,0.3326
6LQH,sub-component_all/6LQH_0-1-1-1_1.pdb,0.1411
1X9F,sub-component_all/1X9F_1-1-2_2.pdb,0.1814
1GH0,sub-component_all/1GH0_0-0-0_1.pdb,0.1341
2BL2,sub-component_all/2BL2_0-0-0-0_0.pdb,0.3976
6ESQ,sub-component_all/6ESQ_1-2-2-2_2.pdb,0.3361
4RSU,sub-component_all/4RSU_1-1-1-1_3.pdb,0.1165
2DD4,sub-component_all/2DD4_1-1-1-1_3.pdb,0.14
2V7Q,sub-component_all/2V7Q_012.pdb,0.362
6ESQ,sub-component_all/6ESQ_0-0-0-2_4.pdb,0.4313
7JZ2,sub-component_all/7JZ2_3-3-3_2.pdb,0.1172
6X04,sub-component_all/6X04_1-1-1-1_0.pdb,0.0717
6G94,sub-component_all/6G94_0-0-0-0_1.pdb,0.201
6S5L,sub-component_all/6S5L_0-0-0-0_1.pdb,0.1795
6FWH,sub-component_all/6FWH_0-0-0-0_1.pdb,0.3332
6N3P,sub-component_all/6N3P_0-0-1-1_0.pdb,0.3067
6E7D,sub-component_all/6E7D_1-1-1-1_3.pdb,0.0478
6Z1F,sub-component_all/6Z1F_2-2-2-2_4.pdb,0.0348
6Z1F,sub-component_all/6Z1F_0-0-0-1_2.pdb,0.1489
6W6M,sub-component_all/6W6M_0-0-0-0_0.pdb,0.2659
6RO0,sub-component_all/6RO0_1-2-2_2.pdb,0.1579
1PCQ,sub-component_all/1PCQ_0-1-1-1_0.pdb,0.0721
1Q5Q,sub-component_all/1Q5Q_0-0-0-0_0.pdb,0.2799
3U6X,sub-component_all/3U6X_0-1-1-1_4.pdb,0.182
6RO0,sub-component_all/6RO0_0-1-4_1.pdb,0.2088
7CGE,sub-component_all/7CGE_0-2-2_3.pdb,0.1649
6RO0,sub-component_all/6RO0_1-3-4_1.pdb,0.2161
6SQR,sub-component_all/6SQR_225.pdb,0.1011
1TR0,sub-component_all/1TR0_0-0-0-0_0.pdb,0.1671
6RO0,sub-component_all/6RO0_1-2-3_3.pdb,0.267
7JZ2,sub-component_all/7JZ2_2-3-3_4.pdb,0.0969
3ZIA,sub-component_all/3ZIA_003.pdb,0.1636
6SSI,sub-component_all/6SSI_0-1-1-1_3.pdb,0.1885
6RO0,sub-component_all/6RO0_4-4-4_0.pdb,0.1398
6X04,sub-component_all/6X04_0-1-1-1_3.pdb,0.1772
6RO0,sub-component_all/6RO0_1-3-4_2.pdb,0.2155
6E7D,sub-component_all/6E7D_1-1-1-1_1.pdb,0.0511
6G94,sub-component_all/6G94_1-2-2-2_0.pdb,0.1991
2V5H,sub-component_all/2V5H_0-0-0-0_4.pdb,0.3072
2V5H,sub-component_all/2V5H_0-1-1-1_1.pdb,0.1709
5JQL,sub-component_all/5JQL_0-1-1-1_4.pdb,0.1759
6SQR,sub-component_all/6SQR_005.pdb,0.1169
6RD7,sub-component_all/6RD7_0-0-0-0_1.pdb,0.1279
6RO0,sub-component_all/6RO0_0-1-1_4.pdb,0.1657
6SSI,sub-component_all/6SSI_0-0-0-1_4.pdb,0.3326
6RO0,sub-component_all/6RO0_0-1-1_3.pdb,0.1677
6ESQ,sub-component_all/6ESQ_0-1-1-1_1.pdb,0.2007
6YBQ,sub-component_all/6YBQ_1-1-1-1_0.pdb,0.1295
2DD4,sub-component_all/2DD4_1-1-1-2_3.pdb,0.2261
1RBL,sub-component_all/1RBL_0-0-0-1_2.pdb,0.3274
2DD4,sub-component_all/2DD4_0-1-1-2_2.pdb,0.3029
2V5H,sub-component_all/2V5H_0-0-1-1_2.pdb,0.2688
4BHU,sub-component_all/4BHU_0-0-0-0_0.pdb,0.166
3HHW,sub-component_all/3HHW_0-0-0-0_4.pdb,0.0635
5K2M,sub-component_all/5K2M_1-1-1_2.pdb,0.033
6RO0,sub-component_all/6RO0_0-3-4_4.pdb,0.1543
6QLV,sub-component_all/6QLV_0-0-0-0_1.pdb,0.3344
6RO0,sub-component_all/6RO0_0-1-3_3.pdb,0.2772
1NGK,sub-component_all/1NGK_0-0-0-0_3.pdb,0.167
7CGE,sub-component_all/7CGE_1-2-3_3.pdb,0.1903
5CW7,sub-component_all/5CW7_0-1-1-1_1.pdb,0.2226
6ZEE,sub-component_all/6ZEE_0-0-1-1_2.pdb,0.2
6Z1F,sub-component_all/6Z1F_2-2-2-2_0.pdb,0.0384
6SSI,sub-component_all/6SSI_1-1-1-1_4.pdb,0.0802
2VYR,sub-component_all/2VYR_0-0-0-1_1.pdb,0.1117
2G9T,sub-component_all/2G9T_0-0-0-0_4.pdb,0.1827
4RSU,sub-component_all/4RSU_0-0-0-0_2.pdb,0.3047
5JQL,sub-component_all/5JQL_0-0-1-1_4.pdb,0.3318
6PYT,sub-component_all/6PYT_0-0-1-1_1.pdb,0.0719
4RSU,sub-component_all/4RSU_0-1-1-1_2.pdb,0.294
2V5H,sub-component_all/2V5H_0-0-0-1_1.pdb,0.394
1NLX,sub-component_all/1NLX_0-0-0-0_0.pdb,0.1457
6Z1F,sub-component_all/6Z1F_1-2-2-2_2.pdb,0.125
6LQH,sub-component_all/6LQH_0-0-1-1_2.pdb,0.2212
6W6M,sub-component_all/6W6M_0-0-0-0_3.pdb,0.2743
1YKK,sub-component_all/1YKK_0-1-1-1_0.pdb,0.347
6RO0,sub-component_all/6RO0_2-4-4_2.pdb,0.2051
2VYR,sub-component_all/2VYR_0-0-0-1_3.pdb,0.1201
4RDQ,sub-component_all/4RDQ_1-1-1-1_3.pdb,0.1097
6PYT,sub-component_all/6PYT_0-0-0-0_4.pdb,0.0926
6SQR,sub-component_all/6SQR_144.pdb,0.229
2V18,sub-component_all/2V18_0-0-0-0_4.pdb,0.3105
1S3Q,sub-component_all/1S3Q_0-0-0-0_2.pdb,0.2056
7CGE,sub-component_all/7CGE_0-0-3_2.pdb,0.2958
5CW7,sub-component_all/5CW7_0-1-1-1_0.pdb,0.2141
3FP9,sub-component_all/3FP9_0-0-0-0_3.pdb,0.3265
6ZEE,sub-component_all/6ZEE_0-1-1-1_4.pdb,0.1831
6SSI,sub-component_all/6SSI_0-0-1-1_2.pdb,0.2929
6QSU,sub-component_all/6QSU_0-0-1-1_1.pdb,0.1665
7JZ2,sub-component_all/7JZ2_0-2-3_2.pdb,0.1749
6ESQ,sub-component_all/6ESQ_0-0-1-2_0.pdb,0.3626
7NRQ,sub-component_all/7NRQ_0-0-0-0_1.pdb,0.1206
1Q5Q,sub-component_all/1Q5Q_0-0-0-1_1.pdb,0.2825
7AJP,sub-component_all/7AJP_0-0-0-0_1.pdb,0.2598
6YBQ,sub-component_all/6YBQ_1-1-1-1_3.pdb,0.1062
6Z1F,sub-component_all/6Z1F_0-0-1-2_4.pdb,0.0903
7NRQ,sub-component_all/7NRQ_0-0-0-0_0.pdb,0.1324
7CGE,sub-component_all/7CGE_0-2-3_0.pdb,0.1671
6X04,sub-component_all/6X04_0-0-0-0_4.pdb,0.2094
7CGE,sub-component_all/7CGE_0-0-0_3.pdb,0.2407
6RO0,sub-component_all/6RO0_3-3-4_4.pdb,0.112
7CGE,sub-component_all/7CGE_0-2-3_1.pdb,0.1739
6LQH,sub-component_all/6LQH_1-1-1-1_4.pdb,0.0761
6X04,sub-component_all/6X04_0-0-0-0_1.pdb,0.1926
2EWC,sub-component_all/2EWC_0-0-0-0_1.pdb,0.271
6RO0,sub-component_all/6RO0_0-1-3_4.pdb,0.2492
1M5Q,sub-component_all/1M5Q_0-0-0-0_3.pdb,0.2334
1DW9,sub-component_all/1DW9_0-0-0-0_1.pdb,0.3836
6SQR,sub-component_all/6SQR_044.pdb,0.127
1X9F,sub-component_all/1X9F_1-3-3_3.pdb,0.1854
1X9F,sub-component_all/1X9F_0-2-3_1.pdb,0.2475
6MST,sub-component_all/6MST_0-0-0-0_3.pdb,0.1026
6G94,sub-component_all/6G94_0-0-0-1_3.pdb,0.315
6SQR,sub-component_all/6SQR_114.pdb,0.2048
6G94,sub-component_all/6G94_0-0-0-0_4.pdb,0.1979
6FWH,sub-component_all/6FWH_0-0-0-0_0.pdb,0.3336
3M1A,sub-component_all/3M1A_0-0-0-0_2.pdb,0.203
6G94,sub-component_all/6G94_1-1-1-1_1.pdb,0.3403
1X9F,sub-component_all/1X9F_2-3-3_4.pdb,0.1806
1X9F,sub-component_all/1X9F_1-1-1_3.pdb,0.1772
7CGE,sub-component_all/7CGE_1-1-1_4.pdb,0.1663
1Q5Q,sub-component_all/1Q5Q_0-1-1-1_3.pdb,0.2793
6GRJ,sub-component_all/6GRJ_0-0-0-0_4.pdb,0.1784
1GH0,sub-component_all/1GH0_0-0-0_2.pdb,0.1124
3ZNU,sub-component_all/3ZNU_0-0-0-0_4.pdb,0.4007
6LQH,sub-component_all/6LQH_1-1-1-1_0.pdb,0.0861
6SSI,sub-component_all/6SSI_1-1-1-1_3.pdb,0.097
3ZIA,sub-component_all/3ZIA_002.pdb,0.2546
1RVV,sub-component_all/1RVV_0-0-0-0_3.pdb,0.1331
7JKC,sub-component_all/7JKC_0-0-0-0_4.pdb,0.2754
6NHT,sub-component_all/6NHT_0-0-1-1_1.pdb,0.0941
2DD4,sub-component_all/2DD4_1-1-2-2_4.pdb,0.3679
6RO0,sub-component_all/6RO0_0-0-0_4.pdb,0.1823
2V7Q,sub-component_all/2V7Q_013.pdb,0.2812
2BX9,sub-component_all/2BX9_0-0-0-0_3.pdb,0.2697
6GRJ,sub-component_all/6GRJ_0-0-0-0_3.pdb,0.1119
6X04,sub-component_all/6X04_0-0-1-1_4.pdb,0.2044
6G94,sub-component_all/6G94_1-1-1-2_4.pdb,0.2382
6RO0,sub-component_all/6RO0_0-1-2_3.pdb,0.1898
6RO0,sub-component_all/6RO0_0-4-4_0.pdb,0.153
2G9T,sub-component_all/2G9T_0-0-0-0_3.pdb,0.1235
5AA5,sub-component_all/5AA5_0-0-1-1_1.pdb,0.333
6RO0,sub-component_all/6RO0_0-4-4_4.pdb,0.1521
1G0U,sub-component_all/1G0U_0-0-0-0_3.pdb,0.1216
1X9F,sub-component_all/1X9F_1-1-3_2.pdb,0.1768
2DD4,sub-component_all/2DD4_2-2-2-2_4.pdb,0.2152
3ZIA,sub-component_all/3ZIA_000.pdb,0.3736
7CGE,sub-component_all/7CGE_1-1-2_2.pdb,0.2945
3U6X,sub-component_all/3U6X_0-0-1-1_1.pdb,0.241
6SQR,sub-component_all/6SQR_145.pdb,0.2461
6Z1F,sub-component_all/6Z1F_0-0-1-1_4.pdb,0.1662
5K2M,sub-component_all/5K2M_1-1-1_4.pdb,0.026
6N3P,sub-component_all/6N3P_0-1-1-1_0.pdb,0.2323
1Q95,sub-component_all/1Q95_0-1-1-1_1.pdb,0.2466
6ZEE,sub-component_all/6ZEE_0-1-1-1_3.pdb,0.1846
6Z1F,sub-component_all/6Z1F_0-0-1-1_0.pdb,0.1006
6PYT,sub-component_all/6PYT_0-1-1-1_0.pdb,0.1144
7CGE,sub-component_all/7CGE_0-2-2_2.pdb,0.1292
7JZ2,sub-component_all/7JZ2_1-1-2_2.pdb,0.1446
1X9F,sub-component_all/1X9F_0-0-3_4.pdb,0.1821
4RSU,sub-component_all/4RSU_1-1-1-1_4.pdb,0.1204
2P1B,sub-component_all/2P1B_0-0-0-0_1.pdb,0.3975
6RO0,sub-component_all/6RO0_0-0-2_0.pdb,0.1834
4BHU,sub-component_all/4BHU_1-1-1-1_0.pdb,0.202
6Z1F,sub-component_all/6Z1F_0-2-2-2_2.pdb,0.0546
3U6X,sub-component_all/3U6X_0-0-0-0_2.pdb,0.2739
6RO0,sub-component_all/6RO0_0-1-4_2.pdb,0.2086
7CGE,sub-component_all/7CGE_0-0-1_1.pdb,0.3683
4RDQ,sub-component_all/4RDQ_0-0-1-1_1.pdb,0.134
6SSI,sub-component_all/6SSI_0-0-0-1_1.pdb,0.4477
1G0U,sub-component_all/1G0U_0-0-0-0_4.pdb,0.1041
5J09,sub-component_all/5J09_0-0-0-0_0.pdb,0.2162
6Z1F,sub-component_all/6Z1F_0-1-1-1_2.pdb,0.2386
7JZ2,sub-component_all/7JZ2_1-1-3_2.pdb,0.1453
6SQR,sub-component_all/6SQR_012.pdb,0.2477
7CGE,sub-component_all/7CGE_1-3-3_0.pdb,0.1589
6UWR,sub-component_all/6UWR_0-0-0-0_3.pdb,0.2314
6RO0,sub-component_all/6RO0_3-3-3_1.pdb,0.0897
5TRM,sub-component_all/5TRM_0-0-0-0_4.pdb,0.0965
1AVO,sub-component_all/1AVO_0-0-0-1_2.pdb,0.2256
6N3P,sub-component_all/6N3P_0-1-1-1_3.pdb,0.1932
1N8J,sub-component_all/1N8J_0-0-0-0_3.pdb,0.3985
2BX9,sub-component_all/2BX9_0-0-0-0_0.pdb,0.2615
7CGE,sub-component_all/7CGE_0-3-3_0.pdb,0.2274
1AVO,sub-component_all/1AVO_0-0-0-0_0.pdb,0.0858
6RO0,sub-component_all/6RO0_0-0-0_0.pdb,0.1888
6X04,sub-component_all/6X04_1-1-1-1_2.pdb,0.0813
6ZEE,sub-component_all/6ZEE_0-1-1-1_1.pdb,0.1793
6ESQ,sub-component_all/6ESQ_0-0-1-2_2.pdb,0.3608
6RO0,sub-component_all/6RO0_0-1-2_4.pdb,0.189
7CGE,sub-component_all/7CGE_1-1-3_3.pdb,0.27
6G94,sub-component_all/6G94_1-2-2-2_4.pdb,0.1938
6Z1F,sub-component_all/6Z1F_0-0-1-2_2.pdb,0.0956
6PYT,sub-component_all/6PYT_0-0-1-1_0.pdb,0.1144
6Z1F,sub-component_all/6Z1F_1-1-1-2_3.pdb,0.2382
2VYR,sub-component_all/2VYR_0-1-1-1_2.pdb,0.1651
2DD4,sub-component_all/2DD4_0-0-1-1_2.pdb,0.2518
6N3P,sub-component_all/6N3P_0-1-1-1_1.pdb,0.1788
4BHU,sub-component_all/4BHU_0-1-1-1_1.pdb,0.187
6SQR,sub-component_all/6SQR_223.pdb,0.1087
6ESQ,sub-component_all/6ESQ_0-2-2-2_1.pdb,0.4117
5CW7,sub-component_all/5CW7_0-0-0-0_0.pdb,0.0791
6ZEE,sub-component_all/6ZEE_0-0-1-1_1.pdb,0.1933
3M0W,sub-component_all/3M0W_0-0-0-0_1.pdb,0.2342
2VYR,sub-component_all/2VYR_0-1-1-1_1.pdb,0.1465
5ODC,sub-component_all/5ODC_001.pdb,0.3857
3K6C,sub-component_all/3K6C_0-0-0-0_1.pdb,0.3982
1X9F,sub-component_all/1X9F_0-2-2_1.pdb,0.165
1X9F,sub-component_all/1X9F_1-1-1_4.pdb,0.2123
6J0B,sub-component_all/6J0B_0-0-0-1_2.pdb,0.1203
6RO0,sub-component_all/6RO0_0-0-4_1.pdb,0.1778
6LQH,sub-component_all/6LQH_0-0-0-1_1.pdb,0.3007
6E7D,sub-component_all/6E7D_0-0-0-1_1.pdb,0.1398
1X9F,sub-component_all/1X9F_1-1-3_3.pdb,0.1626
1YKK,sub-component_all/1YKK_0-0-0-0_2.pdb,0.1204
1YKK,sub-component_all/1YKK_0-0-0-0_0.pdb,0.1607
3BJQ,sub-component_all/3BJQ_0-0-0-0_0.pdb,0.2763
6RO0,sub-component_all/6RO0_1-3-4_3.pdb,0.209
7CGE,sub-component_all/7CGE_0-1-1_3.pdb,0.3706
1D0I,sub-component_all/1D0I_0-0-0-0_4.pdb,0.1993
6SQR,sub-component_all/6SQR_034.pdb,0.1104
5B04,sub-component_all/5B04_003.pdb,0.2647
6RO0,sub-component_all/6RO0_1-4-4_0.pdb,0.1966
1X0P,sub-component_all/1X0P_0-0-0-0_2.pdb,0.3978
6RO0,sub-component_all/6RO0_3-3-3_2.pdb,0.0859
1YKK,sub-component_all/1YKK_1-1-1-1_4.pdb,0.2133
1M5Q,sub-component_all/1M5Q_0-0-0-0_2.pdb,0.2496
3M1A,sub-component_all/3M1A_0-0-0-0_4.pdb,0.1983
5JQL,sub-component_all/5JQL_1-1-1-1_2.pdb,0.0672
4BHU,sub-component_all/4BHU_0-0-0-1_2.pdb,0.238
2DD4,sub-component_all/2DD4_1-1-1-2_1.pdb,0.3365
6RO0,sub-component_all/6RO0_1-2-4_2.pdb,0.1515
1AVO,sub-component_all/1AVO_0-0-0-0_4.pdb,0.0783
3HHW,sub-component_all/3HHW_0-0-0-0_3.pdb,0.059
6E7D,sub-component_all/6E7D_0-1-1-1_4.pdb,0.0939
7JZ2,sub-component_all/7JZ2_1-3-3_1.pdb,0.1599
6SQR,sub-component_all/6SQR_134.pdb,0.236
3ZIA,sub-component_all/3ZIA_014.pdb,0.2728
6RO0,sub-component_all/6RO0_3-4-4_0.pdb,0.1327
3ZIA,sub-component_all/3ZIA_005.pdb,0.1683
6G94,sub-component_all/6G94_0-1-2-2_3.pdb,0.2787
4RDQ,sub-component_all/4RDQ_0-0-0-1_1.pdb,0.2779
4RSU,sub-component_all/4RSU_1-1-1-1_1.pdb,0.1218
6E7D,sub-component_all/6E7D_0-0-0-0_0.pdb,0.1131
6RO0,sub-component_all/6RO0_0-1-3_0.pdb,0.1967
2NV2,sub-component_all/2NV2_1-1-1-1_4.pdb,0.0598
6RD7,sub-component_all/6RD7_0-0-0-0_0.pdb,0.128
3MQ7,sub-component_all/3MQ7_0-0-0-0_2.pdb,0.2878
6E7D,sub-component_all/6E7D_0-1-1-1_3.pdb,0.097
1X9F,sub-component_all/1X9F_1-1-3_4.pdb,0.1725
1GH0,sub-component_all/1GH0_1-1-1_2.pdb,0.1471
5J09,sub-component_all/5J09_0-0-0-0_3.pdb,0.2194
3HHW,sub-component_all/3HHW_0-0-0-1_3.pdb,0.2474
6RO0,sub-component_all/6RO0_0-4-4_1.pdb,0.1563
3BFJ,sub-component_all/3BFJ_0-0-0-0_4.pdb,0.3993
7JZ2,sub-component_all/7JZ2_0-3-3_4.pdb,0.1869
2VYR,sub-component_all/2VYR_0-0-0-0_1.pdb,0.1207
1X9F,sub-component_all/1X9F_0-3-3_0.pdb,0.172
2DD4,sub-component_all/2DD4_0-0-0-1_0.pdb,0.1963
2DD4,sub-component_all/2DD4_0-0-0-0_2.pdb,0.1069
5TRM,sub-component_all/5TRM_0-0-0-0_2.pdb,0.0833
2EWC,sub-component_all/2EWC_0-0-0-0_0.pdb,0.2631
6RO0,sub-component_all/6RO0_4-4-4_2.pdb,0.1235
1GH0,sub-component_all/1GH0_1-1-1_4.pdb,0.1144
5CW7,sub-component_all/5CW7_0-0-0-0_3.pdb,0.092
6RO0,sub-component_all/6RO0_3-3-4_1.pdb,0.1204
4EJ0,sub-component_all/4EJ0_0-0-0-0_4.pdb,0.3125
6RO0,sub-component_all/6RO0_3-4-4_4.pdb,0.1016
6ESQ,sub-component_all/6ESQ_0-0-2-2_1.pdb,0.425
6RO0,sub-component_all/6RO0_2-2-2_2.pdb,0.1671
6SQR,sub-component_all/6SQR_004.pdb,0.1153
3ZK1,sub-component_all/3ZK1_0-0-0-0_2.pdb,0.3626
6RO0,sub-component_all/6RO0_0-1-4_4.pdb,0.201
6PYT,sub-component_all/6PYT_0-0-1-1_2.pdb,0.1251
1GH0,sub-component_all/1GH0_0-0-0_4.pdb,0.1124
7JZ2,sub-component_all/7JZ2_1-1-3_3.pdb,0.1636
1Q95,sub-component_all/1Q95_0-0-0-1_4.pdb,0.3847
6KRB,sub-component_all/6KRB_0-0-0-0_4.pdb,0.182
6G94,sub-component_all/6G94_0-1-1-2_4.pdb,0.4223
6SSI,sub-component_all/6SSI_1-1-1-1_0.pdb,0.1025
5B04,sub-component_all/5B04_000.pdb,0.1407
7JZ2,sub-component_all/7JZ2_1-1-3_0.pdb,0.1939
1X9F,sub-component_all/1X9F_0-0-3_2.pdb,0.177
6SQR,sub-component_all/6SQR_013.pdb,0.2412
6ESQ,sub-component_all/6ESQ_0-1-1-2_2.pdb,0.282
2VYR,sub-component_all/2VYR_1-1-1-1_3.pdb,0.1983
1Z6O,sub-component_all/1Z6O_1-1-1-1_3.pdb,0.0776
6M3X,sub-component_all/6M3X_0-0-0-0_4.pdb,0.1044
6ESQ,sub-component_all/6ESQ_0-0-2-2_3.pdb,0.2647
6G94,sub-component_all/6G94_0-2-2-2_2.pdb,0.1273
6LQH,sub-component_all/6LQH_0-0-1-1_1.pdb,0.2213
6G94,sub-component_all/6G94_1-2-2-2_2.pdb,0.2076
6Z1F,sub-component_all/6Z1F_0-1-1-2_3.pdb,0.1652
6UWR,sub-component_all/6UWR_0-0-0-0_4.pdb,0.2436
5ODC,sub-component_all/5ODC_003.pdb,0.356
6ZEE,sub-component_all/6ZEE_0-0-1-1_3.pdb,0.1917
7CGE,sub-component_all/7CGE_2-3-3_4.pdb,0.1261
7JZ2,sub-component_all/7JZ2_0-0-3_0.pdb,0.1889
6RO0,sub-component_all/6RO0_0-3-3_0.pdb,0.1689
2V7Q,sub-component_all/2V7Q_004.pdb,0.1663
3U6X,sub-component_all/3U6X_1-1-1-1_2.pdb,0.1609
1G63,sub-component_all/1G63_0-0-0-0_4.pdb,0.2812
6ESQ,sub-component_all/6ESQ_0-1-1-1_0.pdb,0.2058
5J09,sub-component_all/5J09_0-0-0-0_2.pdb,0.2197
